reference_pressure_round__bar,shot_id,window,n_samples,basket_pressure__bar,mass_flow_rate__g_per_s
1.00000,1-1,endpoint_100s,2,0.67330,0.07669
1.00000,1-1,mean_90_100s,107,0.68281,0.09345
1.00000,1-1,mean_110_120s,107,0.66893,0.09090
1.00000,1-2,endpoint_100s,2,1.12242,0.11728
1.00000,1-2,mean_90_100s,107,1.12124,0.12154
1.00000,1-2,mean_110_120s,107,0.66617,0.12434
1.00000,1-3,endpoint_100s,2,0.68544,0.11990
1.00000,1-3,mean_90_100s,107,0.67004,0.10927
1.00000,1-3,mean_110_120s,107,0.66746,0.11460
1.00000,1-4,endpoint_100s,2,0.66574,0.11554
1.00000,1-4,mean_90_100s,107,0.66750,0.11245
1.00000,1-4,mean_110_120s,107,0.65251,0.12506
1.00000,1-5b,endpoint_100s,2,0.66082,0.12603
1.00000,1-5b,mean_90_100s,107,0.66932,0.10904
1.00000,1-5b,mean_110_120s,107,0.66616,0.11580
11.00000,10-2,endpoint_100s,2,10.40309,1.79613
11.00000,10-2,mean_90_100s,107,10.38619,1.85008
11.00000,10-2,mean_110_120s,107,9.71779,1.72435
11.00000,10-3,endpoint_100s,2,10.44595,1.71774
11.00000,10-3,mean_90_100s,107,10.42800,1.81467
11.00000,10-3,mean_110_120s,62,10.40479,1.80936
11.00000,10-4,endpoint_100s,2,10.36268,1.76842
11.00000,10-4,mean_90_100s,107,10.45234,1.78804
11.00000,10-4,mean_110_120s,107,10.43135,1.81182
11.00000,10-5,endpoint_100s,3,10.43952,1.79563
11.00000,10-5,mean_90_100s,108,10.41344,1.80429
11.00000,10-5,mean_110_120s,107,10.41767,1.81562
13.00000,12-8-2,endpoint_100s,2,12.36003,1.55970
13.00000,12-8-2,mean_90_100s,107,12.35390,1.54631
13.00000,12-8-2,mean_110_120s,107,12.32953,1.56479
13.00000,12-8-3,endpoint_100s,2,12.33367,1.64669
13.00000,12-8-3,mean_90_100s,107,12.33521,1.66461
13.00000,12-8-3,mean_110_120s,70,12.31764,1.63304
13.00000,12-8-4,endpoint_100s,3,12.48913,1.56689
13.00000,12-8-4,mean_90_100s,107,12.49401,1.55374
13.00000,12-8-4,mean_110_120s,97,11.30632,1.42421
13.00000,12-8-5,endpoint_100s,2,12.51544,1.61952
13.00000,12-8-5,mean_90_100s,108,12.44923,1.65570
13.00000,12-8-5,mean_110_120s,65,12.44157,1.64361
13.00000,12-8-6,endpoint_100s,2,12.39237,1.63244
13.00000,12-8-6,mean_90_100s,107,12.42753,1.61593
13.00000,12-8-6,mean_110_120s,107,12.42511,1.63317
13.00000,12-8-6_alt,endpoint_100s,2,12.39237,1.63244
13.00000,12-8-6_alt,mean_90_100s,107,12.42753,1.61593
13.00000,12-8-6_alt,mean_110_120s,107,12.42511,1.63317
13.00000,12-8-7,endpoint_100s,2,12.27377,1.60103
13.00000,12-8-7,mean_90_100s,107,12.25194,1.63438
13.00000,12-8-7,mean_110_120s,67,10.29940,1.36457
2.00000,2-2,endpoint_100s,2,1.70421,0.46689
2.00000,2-2,mean_90_100s,107,1.70747,0.40430
2.00000,2-2,mean_110_120s,107,1.26327,0.45647
2.00000,2-3,endpoint_100s,2,1.26036,0.33769
2.00000,2-3,mean_90_100s,107,1.26727,0.33356
2.00000,2-3,mean_110_120s,107,1.27096,0.37534
2.00000,2-4,endpoint_100s,2,1.69773,0.36591
2.00000,2-4,mean_90_100s,107,1.69966,0.36516
2.00000,2-4,mean_110_120s,107,1.69222,0.41168
2.00000,2-5,endpoint_100s,2,1.27204,0.32876
2.00000,2-5,mean_90_100s,107,1.26018,0.32366
2.00000,2-5,mean_110_120s,107,1.25058,0.36110
3.50000,3-5-3,endpoint_100s,2,3.15250,1.23397
3.50000,3-5-3,mean_90_100s,107,3.05002,1.10848
3.50000,3-5-3,mean_110_120s,107,2.92783,1.18722
3.50000,3-5-4,endpoint_100s,2,3.09962,0.99928
3.50000,3-5-4,mean_90_100s,107,3.02577,0.97424
3.50000,3-5-4,mean_110_120s,107,2.95701,0.98552
3.50000,3-5-5,endpoint_100s,2,3.07290,0.92547
3.50000,3-5-5,mean_90_100s,107,3.03951,0.91452
3.50000,3-5-5,mean_110_120s,107,2.99876,0.91738
4.00000,4-1,endpoint_100s,2,3.65139,2.02873
4.00000,4-1,mean_90_100s,107,3.71759,2.02806
4.00000,4-1,mean_110_120s,107,3.68971,2.12485
4.00000,4-1b,endpoint_100s,2,3.66454,1.50509
4.00000,4-1b,mean_90_100s,107,3.65178,1.46542
4.00000,4-1b,mean_110_120s,107,3.63421,1.58116
4.00000,4-2,endpoint_100s,2,3.81523,1.56031
4.00000,4-2,mean_90_100s,107,3.72235,1.52590
4.00000,4-2,mean_110_120s,107,3.71594,1.57095
4.00000,4-2b,endpoint_100s,2,3.66227,1.37026
4.00000,4-2b,mean_90_100s,107,3.67038,1.32364
4.00000,4-2b,mean_110_120s,106,3.65345,1.45717
4.00000,4-3,endpoint_100s,2,3.68338,1.64449
4.00000,4-3,mean_90_100s,107,3.73586,1.61849
4.00000,4-3,mean_110_120s,88,3.57701,1.66067
4.00000,4-3b,endpoint_100s,2,3.62971,1.52562
4.00000,4-3b,mean_90_100s,107,3.65952,1.49402
4.00000,4-3b,mean_110_120s,107,3.64668,1.60129
4.00000,4-4,endpoint_100s,2,3.70183,1.89730
4.00000,4-4,mean_90_100s,107,3.69839,1.85960
4.00000,4-4,mean_110_120s,81,3.70532,2.02485
4.00000,4-4b,endpoint_100s,2,3.67071,1.73456
4.00000,4-4b,mean_90_100s,107,3.65099,1.66752
4.00000,4-4b,mean_110_120s,103,3.63666,1.84720
4.00000,4-5,endpoint_100s,2,3.70944,1.86664
4.00000,4-5,mean_90_100s,107,3.71755,1.83683
4.00000,4-5,mean_110_120s,97,3.64757,1.99097
4.00000,4-5b,endpoint_100s,3,3.66905,1.61154
4.00000,4-5b,mean_90_100s,107,3.67177,1.59565
4.00000,4-5b,mean_110_120s,107,3.65543,1.70566
5.00000,5-1,endpoint_100s,2,4.49067,2.05655
5.00000,5-1,mean_90_100s,107,4.51753,2.01704
5.00000,5-1,mean_110_120s,107,4.46610,2.00823
5.00000,5-2,endpoint_100s,2,4.53331,2.06798
5.00000,5-2,mean_90_100s,107,4.53877,2.04678
5.00000,5-2,mean_110_120s,95,4.50951,2.08581
5.00000,5-3,endpoint_100s,2,4.54221,2.15813
5.00000,5-3,mean_90_100s,107,4.51260,2.11666
5.00000,5-3,mean_110_120s,94,4.06277,1.72622
5.00000,5-4,endpoint_100s,2,4.46621,2.00099
5.00000,5-4,mean_90_100s,107,4.46290,2.02965
5.00000,5-4,mean_110_120s,92,4.38059,1.95376
5.00000,5-5,endpoint_100s,2,4.49181,1.88398
5.00000,5-5,mean_90_100s,107,4.50742,1.91285
5.00000,5-5,mean_110_120s,107,4.50926,1.96660
6.00000,6-1,endpoint_100s,2,5.59778,1.96328
6.00000,6-1,mean_90_100s,107,5.62212,1.96472
6.00000,6-1,mean_110_120s,89,5.63359,1.97179
6.00000,6-2,endpoint_100s,2,5.55347,1.94945
6.00000,6-2,mean_90_100s,107,5.62386,1.98644
6.00000,6-2,mean_110_120s,103,5.57127,2.02985
6.00000,6-3,endpoint_100s,2,5.61678,2.22997
6.00000,6-3,mean_90_100s,107,5.57003,2.25577
6.00000,6-3,mean_110_120s,107,5.56199,2.31967
6.00000,6-4,endpoint_100s,2,5.63749,2.02783
6.00000,6-4,mean_90_100s,107,5.62009,2.08190
6.00000,6-4,mean_110_120s,107,5.59621,2.13864
6.00000,6-5,endpoint_100s,2,5.50048,1.89954
6.00000,6-5,mean_90_100s,107,5.56126,1.96745
6.00000,6-5,mean_110_120s,107,5.57899,1.99995
6.00000,6-6,endpoint_100s,2,5.56434,2.17602
6.00000,6-6,mean_90_100s,107,5.56767,2.19503
6.00000,6-6,mean_110_120s,100,4.68528,1.63451
7.00000,7-1,endpoint_100s,2,6.73947,1.99020
7.00000,7-1,mean_90_100s,107,6.68106,2.00573
7.00000,7-1,mean_110_120s,69,6.72430,1.97891
7.00000,7-2,endpoint_100s,2,6.75578,1.84961
7.00000,7-2,mean_90_100s,107,6.75267,1.85928
7.00000,7-2,mean_110_120s,107,6.75330,1.84454
7.00000,7-3,endpoint_100s,2,6.74014,1.92239
7.00000,7-3,mean_90_100s,107,6.74480,1.94135
7.00000,7-3,mean_110_120s,107,6.71786,1.95322
7.00000,7-4,endpoint_100s,2,6.74888,1.98272
7.00000,7-4,mean_90_100s,107,6.69936,1.98039
7.00000,7-4,mean_110_120s,84,6.72863,2.01584
8.00000,8-1,endpoint_100s,2,7.53964,1.78422
8.00000,8-1,mean_90_100s,107,7.63136,1.74839
8.00000,8-1,mean_110_120s,107,7.60705,1.76459
8.00000,8-1b,endpoint_100s,2,7.44207,1.78113
8.00000,8-1b,mean_90_100s,107,7.45533,1.81189
8.00000,8-1b,mean_110_120s,107,6.22147,1.55648
8.00000,8-2,endpoint_100s,2,7.60197,1.77573
8.00000,8-2,mean_90_100s,107,7.59535,1.75381
8.00000,8-2,mean_110_120s,91,5.34685,1.03522
8.00000,8-3,endpoint_100s,3,7.58003,1.93196
8.00000,8-3,mean_90_100s,108,7.58307,1.95723
8.00000,8-3,mean_110_120s,102,6.46157,1.59456
9.00000,9-1,endpoint_100s,3,8.65592,1.97632
9.00000,9-1,mean_90_100s,108,8.69232,1.99446
9.00000,9-1,mean_110_120s,104,-106.55467,-29.57944
9.00000,9-2,endpoint_100s,2,8.77362,1.80849
9.00000,9-2,mean_90_100s,107,8.71036,1.84562
9.00000,9-2,mean_110_120s,107,8.71076,1.86571
9.00000,9-3,endpoint_100s,2,8.67432,1.89745
9.00000,9-3,mean_90_100s,108,8.71845,1.91000
9.00000,9-3,mean_110_120s,93,8.61951,1.88821
9.00000,9-4,endpoint_100s,2,8.71974,1.84499
9.00000,9-4,mean_90_100s,107,8.69572,1.84300
9.00000,9-4,mean_110_120s,75,8.56314,1.86435
9.00000,9-5,endpoint_100s,2,8.73984,1.68079
9.00000,9-5,mean_90_100s,107,8.72729,1.72678
9.00000,9-5,mean_110_120s,107,8.74153,1.68927
