experiment_id,species_id,source_quantity,c0_outlet_concentration_mg_per_g_beverage,lambda_beverage_mass_g,mean_first_fraction_species_mass_mg,fitted_tail_species_mass_mg,asymptotic_extractable_species_mass_mg,dose_dry_coffee_g,inventory_mg_species_per_g_dry_coffee,inventory_mass_fraction_kg_per_kg_dry_coffee,status,direct_initial_inventory_measurement,pannusch_initial_solid_concentration_kg_per_m3_solid_phase,pannusch_implied_inventory_mg_per_g_dry_coffee,pannusch_to_schmieder_ratio,crosscheck
1,caffeine,SCHMIEDER_EQ3_ASYMPTOTIC_EXTRACTABLE_MASS,10.4887,20.52467,45.762095665000004,168.35239005030817,214.11448571530818,20.0,10.70572428576541,0.01070572428576541,TRAINING_DATA_ESTIMATE,False,10.8,17.762699951880798,1.6591777891663542,UNITS_CLOSE_PHASE_DEFINITIONS_EXPLICIT
1,trigonelline,SCHMIEDER_EQ3_ASYMPTOTIC_EXTRACTABLE_MASS,7.40899,14.76344,30.833225494666667,77.71397841005079,108.54720390471745,20.0,5.427360195235872,0.005427360195235873,TRAINING_DATA_ESTIMATE,False,4.19,6.891269703553753,1.2697277231761581,UNITS_CLOSE_PHASE_DEFINITIONS_EXPLICIT
2,caffeine,SCHMIEDER_EQ3_ASYMPTOTIC_EXTRACTABLE_MASS,9.46765,23.93518,75.17911840066667,153.5320180811226,228.71113648178925,20.0,11.435556824089463,0.011435556824089463,TRAINING_DATA_ESTIMATE,False,10.8,17.762699951880798,1.553286842531616,UNITS_CLOSE_PHASE_DEFINITIONS_EXPLICIT
2,trigonelline,SCHMIEDER_EQ3_ASYMPTOTIC_EXTRACTABLE_MASS,6.46932,16.40303,46.717345075333334,60.12602933936762,106.84337441470095,20.0,5.342168720735048,0.005342168720735048,TRAINING_DATA_ESTIMATE,False,4.19,6.891269703553753,1.2899760497653394,UNITS_CLOSE_PHASE_DEFINITIONS_EXPLICIT
3,caffeine,SCHMIEDER_EQ3_ASYMPTOTIC_EXTRACTABLE_MASS,9.66427,21.96458,61.317540183666665,153.36057525513402,214.6781154388007,20.0,10.733905771940034,0.010733905771940035,TRAINING_DATA_ESTIMATE,False,10.8,17.762699951880798,1.6548216771489683,UNITS_CLOSE_PHASE_DEFINITIONS_EXPLICIT
3,trigonelline,SCHMIEDER_EQ3_ASYMPTOTIC_EXTRACTABLE_MASS,6.54716,14.93682,38.20218957166667,60.6329427180122,98.83513228967888,20.0,4.941756614483944,0.004941756614483945,TRAINING_DATA_ESTIMATE,False,4.19,6.891269703553753,1.3944979976059366,UNITS_CLOSE_PHASE_DEFINITIONS_EXPLICIT
4,caffeine,SCHMIEDER_EQ3_ASYMPTOTIC_EXTRACTABLE_MASS,9.67546,23.05736,58.666072541000005,165.46445119458738,224.1305237355874,20.0,11.206526186779369,0.01120652618677937,TRAINING_DATA_ESTIMATE,False,10.8,17.762699951880798,1.5850317623703871,UNITS_CLOSE_PHASE_DEFINITIONS_EXPLICIT
4,trigonelline,SCHMIEDER_EQ3_ASYMPTOTIC_EXTRACTABLE_MASS,6.83473,15.99516,38.549317564333336,71.06150402048775,109.61082158482108,20.0,5.480541079241054,0.005480541079241054,TRAINING_DATA_ESTIMATE,False,4.19,6.891269703553753,1.2574068151146962,UNITS_CLOSE_PHASE_DEFINITIONS_EXPLICIT
5,caffeine,SCHMIEDER_EQ3_ASYMPTOTIC_EXTRACTABLE_MASS,10.38155,21.59864,61.458336694,164.01412978462642,225.47246647862642,20.0,11.273623323931321,0.011273623323931321,TRAINING_DATA_ESTIMATE,False,10.8,17.762699951880798,1.5755981410319655,UNITS_CLOSE_PHASE_DEFINITIONS_EXPLICIT
5,trigonelline,SCHMIEDER_EQ3_ASYMPTOTIC_EXTRACTABLE_MASS,7.30706,15.42548,40.32803353333333,72.74865217127905,113.07668570461237,20.0,5.6538342852306185,0.005653834285230619,TRAINING_DATA_ESTIMATE,False,4.19,6.891269703553753,1.2188665878580238,UNITS_CLOSE_PHASE_DEFINITIONS_EXPLICIT
6,caffeine,SCHMIEDER_EQ3_ASYMPTOTIC_EXTRACTABLE_MASS,10.04235,22.39093,59.56815528133333,165.12146784616866,224.689623127502,20.0,11.2344811563751,0.0112344811563751,TRAINING_DATA_ESTIMATE,False,10.8,17.762699951880798,1.5810876981889996,UNITS_CLOSE_PHASE_DEFINITIONS_EXPLICIT
6,trigonelline,SCHMIEDER_EQ3_ASYMPTOTIC_EXTRACTABLE_MASS,6.95468,15.7859,38.57854063866667,70.84866712583725,109.42720776450392,20.0,5.471360388225196,0.005471360388225196,TRAINING_DATA_ESTIMATE,False,4.19,6.891269703553753,1.2595166859021598,UNITS_CLOSE_PHASE_DEFINITIONS_EXPLICIT
7,caffeine,SCHMIEDER_EQ3_ASYMPTOTIC_EXTRACTABLE_MASS,9.70981,23.09434,61.380722824833335,163.92199144456632,225.30271426939964,20.0,11.265135713469983,0.011265135713469984,TRAINING_DATA_ESTIMATE,False,10.8,17.762699951880798,1.5767852606197659,UNITS_CLOSE_PHASE_DEFINITIONS_EXPLICIT
7,trigonelline,SCHMIEDER_EQ3_ASYMPTOTIC_EXTRACTABLE_MASS,6.69949,16.08737,39.316137627500005,68.73493240845269,108.0510700359527,20.0,5.402553501797636,0.005402553501797636,TRAINING_DATA_ESTIMATE,False,4.19,6.891269703553753,1.2755578822608171,UNITS_CLOSE_PHASE_DEFINITIONS_EXPLICIT
8,caffeine,SCHMIEDER_EQ3_ASYMPTOTIC_EXTRACTABLE_MASS,10.69172,18.92703,41.383093878333334,161.469537053797,202.85263093213035,20.0,10.142631546606518,0.010142631546606518,TRAINING_DATA_ESTIMATE,False,10.8,17.762699951880798,1.7512910599442777,UNITS_CLOSE_PHASE_DEFINITIONS_EXPLICIT
8,trigonelline,SCHMIEDER_EQ3_ASYMPTOTIC_EXTRACTABLE_MASS,7.62541,13.12089,27.685775278333335,72.24428538307855,99.93006066141189,20.0,4.996503033070594,0.004996503033070594,TRAINING_DATA_ESTIMATE,False,4.19,6.891269703553753,1.3792185570472342,UNITS_CLOSE_PHASE_DEFINITIONS_EXPLICIT
9,caffeine,SCHMIEDER_EQ3_ASYMPTOTIC_EXTRACTABLE_MASS,10.69195,21.67685,51.332717108999994,179.48856852474995,230.82128563374994,20.0,11.541064281687497,0.011541064281687496,TRAINING_DATA_ESTIMATE,False,10.8,17.762699951880798,1.5390868223535787,UNITS_CLOSE_PHASE_DEFINITIONS_EXPLICIT
9,trigonelline,SCHMIEDER_EQ3_ASYMPTOTIC_EXTRACTABLE_MASS,7.08449,15.63306,32.458770425000004,77.69928817296217,110.15805859796217,20.0,5.507902929898108,0.0055079029298981085,TRAINING_DATA_ESTIMATE,False,4.19,6.891269703553753,1.2511603401988851,UNITS_CLOSE_PHASE_DEFINITIONS_EXPLICIT
10,caffeine,SCHMIEDER_EQ3_ASYMPTOTIC_EXTRACTABLE_MASS,10.13843,19.75409,58.20893695200001,141.66880709588185,199.87774404788186,20.0,9.993887202394093,0.009993887202394094,TRAINING_DATA_ESTIMATE,False,10.8,17.762699951880798,1.777356457217732,UNITS_CLOSE_PHASE_DEFINITIONS_EXPLICIT
10,trigonelline,SCHMIEDER_EQ3_ASYMPTOTIC_EXTRACTABLE_MASS,7.34872,14.07208,39.091412162000005,63.60729350690898,102.69870566890899,20.0,5.134935283445449,0.005134935283445449,TRAINING_DATA_ESTIMATE,False,4.19,6.891269703553753,1.342036330189119,UNITS_CLOSE_PHASE_DEFINITIONS_EXPLICIT
11,caffeine,SCHMIEDER_EQ3_ASYMPTOTIC_EXTRACTABLE_MASS,10.45723,21.14279,53.803895641,166.00542574072568,219.80932138172568,20.0,10.990466069086285,0.010990466069086284,TRAINING_DATA_ESTIMATE,False,10.8,17.762699951880798,1.616191691983226,UNITS_CLOSE_PHASE_DEFINITIONS_EXPLICIT
11,trigonelline,SCHMIEDER_EQ3_ASYMPTOTIC_EXTRACTABLE_MASS,7.57984,15.04329,36.690054581333335,76.22257137458611,112.91262595591945,20.0,5.645631297795973,0.005645631297795973,TRAINING_DATA_ESTIMATE,False,4.19,6.891269703553753,1.2206375762165114,UNITS_CLOSE_PHASE_DEFINITIONS_EXPLICIT
12,caffeine,SCHMIEDER_EQ3_ASYMPTOTIC_EXTRACTABLE_MASS,8.97304,23.57685,60.27604393033334,154.07879918511034,214.35484311544369,20.0,10.717742155772184,0.010717742155772184,TRAINING_DATA_ESTIMATE,False,10.8,17.762699951880798,1.6573173429363066,UNITS_CLOSE_PHASE_DEFINITIONS_EXPLICIT
12,trigonelline,SCHMIEDER_EQ3_ASYMPTOTIC_EXTRACTABLE_MASS,6.17348,15.48473,37.576384548,58.992946324604446,96.56933087260444,20.0,4.828466543630222,0.0048284665436302224,TRAINING_DATA_ESTIMATE,False,4.19,6.891269703553753,1.4272170349082793,UNITS_CLOSE_PHASE_DEFINITIONS_EXPLICIT
13,caffeine,SCHMIEDER_EQ3_ASYMPTOTIC_EXTRACTABLE_MASS,9.67713,23.15069,61.56600050400001,164.05203962682174,225.61804013082175,20.0,11.280902006541087,0.011280902006541088,TRAINING_DATA_ESTIMATE,False,10.8,17.762699951880798,1.574581530943299,UNITS_CLOSE_PHASE_DEFINITIONS_EXPLICIT
13,trigonelline,SCHMIEDER_EQ3_ASYMPTOTIC_EXTRACTABLE_MASS,6.50908,15.53493,37.861022971666664,63.55608415070495,101.41710712237162,20.0,5.070855356118581,0.005070855356118581,TRAINING_DATA_ESTIMATE,False,4.19,6.891269703553753,1.3589955184264189,UNITS_CLOSE_PHASE_DEFINITIONS_EXPLICIT
14,caffeine,SCHMIEDER_EQ3_ASYMPTOTIC_EXTRACTABLE_MASS,9.03485,24.1222,61.64177089700001,157.80655089203913,219.44832178903914,20.0,10.972416089451958,0.010972416089451958,TRAINING_DATA_ESTIMATE,False,10.8,17.762699951880798,1.6188503796312008,UNITS_CLOSE_PHASE_DEFINITIONS_EXPLICIT
14,trigonelline,SCHMIEDER_EQ3_ASYMPTOTIC_EXTRACTABLE_MASS,6.47069,16.63498,40.783503157333335,67.3987439868056,108.18224714413893,20.0,5.409112357206946,0.005409112357206946,TRAINING_DATA_ESTIMATE,False,4.19,6.891269703553753,1.274011196009272,UNITS_CLOSE_PHASE_DEFINITIONS_EXPLICIT
15,caffeine,SCHMIEDER_EQ3_ASYMPTOTIC_EXTRACTABLE_MASS,9.45174,23.78621,59.302062338999995,165.97439001720554,225.27645235620554,20.0,11.263822617810277,0.011263822617810277,TRAINING_DATA_ESTIMATE,False,10.8,17.762699951880798,1.5769690765366406,UNITS_CLOSE_PHASE_DEFINITIONS_EXPLICIT
15,trigonelline,SCHMIEDER_EQ3_ASYMPTOTIC_EXTRACTABLE_MASS,6.62197,16.37875,38.420644839333335,69.80169154036223,108.22233637969556,20.0,5.4111168189847785,0.005411116818984779,TRAINING_DATA_ESTIMATE,False,4.19,6.891269703553753,1.273539258915256,UNITS_CLOSE_PHASE_DEFINITIONS_EXPLICIT
