observation_id,base_coffee_material_id,roast_batch_id,analytical_batch_id,replicate_id,source_publication_id,data_lineage_id,laboratory_id,analyte,value_as_published,unit_as_published,mass_basis_as_published,uncertainty_value_as_published,uncertainty_type,number_of_analytical_replicates,target_semantics,measurement_provenance,canonical_value,canonical_unit,canonical_uncertainty,conversion_rule_id,conversion_inputs,conversion_status,rights_usable,duplicate_status,roasted_unextracted,analytical_method,source_locator,primary_prediction_label_eligible,exclusion_reason,validation_group_id,duplicate,canonical_basis,conversion_supported
acre-caf-C1,acre_c1,acre_c1_medium_light,acre2024,,acre2024,acre2024_tables1_2,lab_uel_benassi,caffeine,2227,mg/100 g,dry roasted coffee,2,SD,4,TOTAL_ROASTED_CONTENT,DIRECT_ROASTED_MATERIAL_ASSAY,22.27,mg/g dry roasted coffee,0.02,exact_mg/100_g,exact factor; source explicit dry basis,SUPPORTED_EXACT,true,UNIQUE,true,HPLC-DAD,Table 1,true,,vg_001,false,dry roasted coffee,true
acre-caf-C10,acre_c10,acre_c10_medium_light,acre2024,,acre2024,acre2024_tables1_2,lab_uel_benassi,caffeine,2117,mg/100 g,dry roasted coffee,46,SD,4,TOTAL_ROASTED_CONTENT,DIRECT_ROASTED_MATERIAL_ASSAY,21.17,mg/g dry roasted coffee,0.46,exact_mg/100_g,exact factor; source explicit dry basis,SUPPORTED_EXACT,true,UNIQUE,true,HPLC-DAD,Table 1,true,,vg_001,false,dry roasted coffee,true
acre-caf-C2,acre_c2,acre_c2_medium_light,acre2024,,acre2024,acre2024_tables1_2,lab_uel_benassi,caffeine,1728,mg/100 g,dry roasted coffee,103,SD,4,TOTAL_ROASTED_CONTENT,DIRECT_ROASTED_MATERIAL_ASSAY,17.28,mg/g dry roasted coffee,1.03,exact_mg/100_g,exact factor; source explicit dry basis,SUPPORTED_EXACT,true,UNIQUE,true,HPLC-DAD,Table 1,true,,vg_001,false,dry roasted coffee,true
acre-caf-C3,acre_c3,acre_c3_medium_light,acre2024,,acre2024,acre2024_tables1_2,lab_uel_benassi,caffeine,1929,mg/100 g,dry roasted coffee,141,SD,4,TOTAL_ROASTED_CONTENT,DIRECT_ROASTED_MATERIAL_ASSAY,19.29,mg/g dry roasted coffee,1.41,exact_mg/100_g,exact factor; source explicit dry basis,SUPPORTED_EXACT,true,UNIQUE,true,HPLC-DAD,Table 1,true,,vg_001,false,dry roasted coffee,true
acre-caf-C4,acre_c4,acre_c4_medium_light,acre2024,,acre2024,acre2024_tables1_2,lab_uel_benassi,caffeine,2641,mg/100 g,dry roasted coffee,151,SD,4,TOTAL_ROASTED_CONTENT,DIRECT_ROASTED_MATERIAL_ASSAY,26.41,mg/g dry roasted coffee,1.51,exact_mg/100_g,exact factor; source explicit dry basis,SUPPORTED_EXACT,true,UNIQUE,true,HPLC-DAD,Table 1,true,,vg_001,false,dry roasted coffee,true
acre-caf-C5,acre_c5,acre_c5_medium_light,acre2024,,acre2024,acre2024_tables1_2,lab_uel_benassi,caffeine,1981,mg/100 g,dry roasted coffee,46,SD,4,TOTAL_ROASTED_CONTENT,DIRECT_ROASTED_MATERIAL_ASSAY,19.81,mg/g dry roasted coffee,0.46,exact_mg/100_g,exact factor; source explicit dry basis,SUPPORTED_EXACT,true,UNIQUE,true,HPLC-DAD,Table 1,true,,vg_001,false,dry roasted coffee,true
acre-caf-C6,acre_c6,acre_c6_medium_light,acre2024,,acre2024,acre2024_tables1_2,lab_uel_benassi,caffeine,1833,mg/100 g,dry roasted coffee,46,SD,4,TOTAL_ROASTED_CONTENT,DIRECT_ROASTED_MATERIAL_ASSAY,18.330000000000002,mg/g dry roasted coffee,0.46,exact_mg/100_g,exact factor; source explicit dry basis,SUPPORTED_EXACT,true,UNIQUE,true,HPLC-DAD,Table 1,true,,vg_001,false,dry roasted coffee,true
acre-caf-C7,acre_c7,acre_c7_medium_light,acre2024,,acre2024,acre2024_tables1_2,lab_uel_benassi,caffeine,1995,mg/100 g,dry roasted coffee,141,SD,4,TOTAL_ROASTED_CONTENT,DIRECT_ROASTED_MATERIAL_ASSAY,19.95,mg/g dry roasted coffee,1.41,exact_mg/100_g,exact factor; source explicit dry basis,SUPPORTED_EXACT,true,UNIQUE,true,HPLC-DAD,Table 1,true,,vg_001,false,dry roasted coffee,true
acre-caf-C8,acre_c8,acre_c8_medium_light,acre2024,,acre2024,acre2024_tables1_2,lab_uel_benassi,caffeine,2455,mg/100 g,dry roasted coffee,44,SD,4,TOTAL_ROASTED_CONTENT,DIRECT_ROASTED_MATERIAL_ASSAY,24.55,mg/g dry roasted coffee,0.44,exact_mg/100_g,exact factor; source explicit dry basis,SUPPORTED_EXACT,true,UNIQUE,true,HPLC-DAD,Table 1,true,,vg_001,false,dry roasted coffee,true
acre-caf-C9,acre_c9,acre_c9_medium_light,acre2024,,acre2024,acre2024_tables1_2,lab_uel_benassi,caffeine,1952,mg/100 g,dry roasted coffee,15,SD,4,TOTAL_ROASTED_CONTENT,DIRECT_ROASTED_MATERIAL_ASSAY,19.52,mg/g dry roasted coffee,0.15,exact_mg/100_g,exact factor; source explicit dry basis,SUPPORTED_EXACT,true,UNIQUE,true,HPLC-DAD,Table 1,true,,vg_001,false,dry roasted coffee,true
acre-caf-H1,acre_h1,acre_h1_medium_light,acre2024,,acre2024,acre2024_tables1_2,lab_uel_benassi,caffeine,3618,mg/100 g,dry roasted coffee,23,SD,4,TOTAL_ROASTED_CONTENT,DIRECT_ROASTED_MATERIAL_ASSAY,36.18,mg/g dry roasted coffee,0.23,exact_mg/100_g,exact factor; source explicit dry basis,SUPPORTED_EXACT,true,UNIQUE,true,HPLC-DAD,Table 1,true,,vg_001,false,dry roasted coffee,true
acre-caf-H10,acre_h10,acre_h10_medium_light,acre2024,,acre2024,acre2024_tables1_2,lab_uel_benassi,caffeine,1427,mg/100 g,dry roasted coffee,41,SD,4,TOTAL_ROASTED_CONTENT,DIRECT_ROASTED_MATERIAL_ASSAY,14.27,mg/g dry roasted coffee,0.41000000000000003,exact_mg/100_g,exact factor; source explicit dry basis,SUPPORTED_EXACT,true,UNIQUE,true,HPLC-DAD,Table 1,true,,vg_001,false,dry roasted coffee,true
acre-caf-H2,acre_h2,acre_h2_medium_light,acre2024,,acre2024,acre2024_tables1_2,lab_uel_benassi,caffeine,2807,mg/100 g,dry roasted coffee,48,SD,4,TOTAL_ROASTED_CONTENT,DIRECT_ROASTED_MATERIAL_ASSAY,28.07,mg/g dry roasted coffee,0.48,exact_mg/100_g,exact factor; source explicit dry basis,SUPPORTED_EXACT,true,UNIQUE,true,HPLC-DAD,Table 1,true,,vg_001,false,dry roasted coffee,true
acre-caf-H3,acre_h3,acre_h3_medium_light,acre2024,,acre2024,acre2024_tables1_2,lab_uel_benassi,caffeine,2977,mg/100 g,dry roasted coffee,115,SD,4,TOTAL_ROASTED_CONTENT,DIRECT_ROASTED_MATERIAL_ASSAY,29.77,mg/g dry roasted coffee,1.1500000000000001,exact_mg/100_g,exact factor; source explicit dry basis,SUPPORTED_EXACT,true,UNIQUE,true,HPLC-DAD,Table 1,true,,vg_001,false,dry roasted coffee,true
acre-caf-H4,acre_h4,acre_h4_medium_light,acre2024,,acre2024,acre2024_tables1_2,lab_uel_benassi,caffeine,2600,mg/100 g,dry roasted coffee,18,SD,4,TOTAL_ROASTED_CONTENT,DIRECT_ROASTED_MATERIAL_ASSAY,26.0,mg/g dry roasted coffee,0.18,exact_mg/100_g,exact factor; source explicit dry basis,SUPPORTED_EXACT,true,UNIQUE,true,HPLC-DAD,Table 1,true,,vg_001,false,dry roasted coffee,true
acre-caf-H5,acre_h5,acre_h5_medium_light,acre2024,,acre2024,acre2024_tables1_2,lab_uel_benassi,caffeine,1918,mg/100 g,dry roasted coffee,153,SD,4,TOTAL_ROASTED_CONTENT,DIRECT_ROASTED_MATERIAL_ASSAY,19.18,mg/g dry roasted coffee,1.53,exact_mg/100_g,exact factor; source explicit dry basis,SUPPORTED_EXACT,true,UNIQUE,true,HPLC-DAD,Table 1,true,,vg_001,false,dry roasted coffee,true
acre-caf-H6,acre_h6,acre_h6_medium_light,acre2024,,acre2024,acre2024_tables1_2,lab_uel_benassi,caffeine,3156,mg/100 g,dry roasted coffee,100,SD,4,TOTAL_ROASTED_CONTENT,DIRECT_ROASTED_MATERIAL_ASSAY,31.560000000000002,mg/g dry roasted coffee,1.0,exact_mg/100_g,exact factor; source explicit dry basis,SUPPORTED_EXACT,true,UNIQUE,true,HPLC-DAD,Table 1,true,,vg_001,false,dry roasted coffee,true
acre-caf-H7,acre_h7,acre_h7_medium_light,acre2024,,acre2024,acre2024_tables1_2,lab_uel_benassi,caffeine,2267,mg/100 g,dry roasted coffee,46,SD,4,TOTAL_ROASTED_CONTENT,DIRECT_ROASTED_MATERIAL_ASSAY,22.67,mg/g dry roasted coffee,0.46,exact_mg/100_g,exact factor; source explicit dry basis,SUPPORTED_EXACT,true,UNIQUE,true,HPLC-DAD,Table 1,true,,vg_001,false,dry roasted coffee,true
acre-caf-H8,acre_h8,acre_h8_medium_light,acre2024,,acre2024,acre2024_tables1_2,lab_uel_benassi,caffeine,3364,mg/100 g,dry roasted coffee,20,SD,4,TOTAL_ROASTED_CONTENT,DIRECT_ROASTED_MATERIAL_ASSAY,33.64,mg/g dry roasted coffee,0.2,exact_mg/100_g,exact factor; source explicit dry basis,SUPPORTED_EXACT,true,UNIQUE,true,HPLC-DAD,Table 1,true,,vg_001,false,dry roasted coffee,true
acre-caf-H9,acre_h9,acre_h9_medium_light,acre2024,,acre2024,acre2024_tables1_2,lab_uel_benassi,caffeine,1956,mg/100 g,dry roasted coffee,14,SD,4,TOTAL_ROASTED_CONTENT,DIRECT_ROASTED_MATERIAL_ASSAY,19.56,mg/g dry roasted coffee,0.14,exact_mg/100_g,exact factor; source explicit dry basis,SUPPORTED_EXACT,true,UNIQUE,true,HPLC-DAD,Table 1,true,,vg_001,false,dry roasted coffee,true
acre-caf-R1,acre_r1,acre_r1_medium_light,acre2024,,acre2024,acre2024_tables1_2,lab_uel_benassi,caffeine,2646,mg/100 g,dry roasted coffee,1,SD,4,TOTAL_ROASTED_CONTENT,DIRECT_ROASTED_MATERIAL_ASSAY,26.46,mg/g dry roasted coffee,0.01,exact_mg/100_g,exact factor; source explicit dry basis,SUPPORTED_EXACT,true,UNIQUE,true,HPLC-DAD,Table 1,true,,vg_001,false,dry roasted coffee,true
acre-caf-R10,acre_r10,acre_r10_medium_light,acre2024,,acre2024,acre2024_tables1_2,lab_uel_benassi,caffeine,1879,mg/100 g,dry roasted coffee,12,SD,4,TOTAL_ROASTED_CONTENT,DIRECT_ROASTED_MATERIAL_ASSAY,18.79,mg/g dry roasted coffee,0.12,exact_mg/100_g,exact factor; source explicit dry basis,SUPPORTED_EXACT,true,UNIQUE,true,HPLC-DAD,Table 1,true,,vg_001,false,dry roasted coffee,true
acre-caf-R2,acre_r2,acre_r2_medium_light,acre2024,,acre2024,acre2024_tables1_2,lab_uel_benassi,caffeine,3301,mg/100 g,dry roasted coffee,185,SD,4,TOTAL_ROASTED_CONTENT,DIRECT_ROASTED_MATERIAL_ASSAY,33.01,mg/g dry roasted coffee,1.85,exact_mg/100_g,exact factor; source explicit dry basis,SUPPORTED_EXACT,true,UNIQUE,true,HPLC-DAD,Table 1,true,,vg_001,false,dry roasted coffee,true
acre-caf-R3,acre_r3,acre_r3_medium_light,acre2024,,acre2024,acre2024_tables1_2,lab_uel_benassi,caffeine,2432,mg/100 g,dry roasted coffee,124,SD,4,TOTAL_ROASTED_CONTENT,DIRECT_ROASTED_MATERIAL_ASSAY,24.32,mg/g dry roasted coffee,1.24,exact_mg/100_g,exact factor; source explicit dry basis,SUPPORTED_EXACT,true,UNIQUE,true,HPLC-DAD,Table 1,true,,vg_001,false,dry roasted coffee,true
acre-caf-R4,acre_r4,acre_r4_medium_light,acre2024,,acre2024,acre2024_tables1_2,lab_uel_benassi,caffeine,2534,mg/100 g,dry roasted coffee,253,SD,4,TOTAL_ROASTED_CONTENT,DIRECT_ROASTED_MATERIAL_ASSAY,25.34,mg/g dry roasted coffee,2.5300000000000002,exact_mg/100_g,exact factor; source explicit dry basis,SUPPORTED_EXACT,true,UNIQUE,true,HPLC-DAD,Table 1,true,,vg_001,false,dry roasted coffee,true
acre-caf-R5,acre_r5,acre_r5_medium_light,acre2024,,acre2024,acre2024_tables1_2,lab_uel_benassi,caffeine,2743,mg/100 g,dry roasted coffee,71,SD,4,TOTAL_ROASTED_CONTENT,DIRECT_ROASTED_MATERIAL_ASSAY,27.43,mg/g dry roasted coffee,0.71,exact_mg/100_g,exact factor; source explicit dry basis,SUPPORTED_EXACT,true,UNIQUE,true,HPLC-DAD,Table 1,true,,vg_001,false,dry roasted coffee,true
acre-caf-R6,acre_r6,acre_r6_medium_light,acre2024,,acre2024,acre2024_tables1_2,lab_uel_benassi,caffeine,2092,mg/100 g,dry roasted coffee,37,SD,4,TOTAL_ROASTED_CONTENT,DIRECT_ROASTED_MATERIAL_ASSAY,20.92,mg/g dry roasted coffee,0.37,exact_mg/100_g,exact factor; source explicit dry basis,SUPPORTED_EXACT,true,UNIQUE,true,HPLC-DAD,Table 1,true,,vg_001,false,dry roasted coffee,true
acre-caf-R7,acre_r7,acre_r7_medium_light,acre2024,,acre2024,acre2024_tables1_2,lab_uel_benassi,caffeine,2695,mg/100 g,dry roasted coffee,19,SD,4,TOTAL_ROASTED_CONTENT,DIRECT_ROASTED_MATERIAL_ASSAY,26.95,mg/g dry roasted coffee,0.19,exact_mg/100_g,exact factor; source explicit dry basis,SUPPORTED_EXACT,true,UNIQUE,true,HPLC-DAD,Table 1,true,,vg_001,false,dry roasted coffee,true
acre-caf-R8,acre_r8,acre_r8_medium_light,acre2024,,acre2024,acre2024_tables1_2,lab_uel_benassi,caffeine,2472,mg/100 g,dry roasted coffee,29,SD,4,TOTAL_ROASTED_CONTENT,DIRECT_ROASTED_MATERIAL_ASSAY,24.72,mg/g dry roasted coffee,0.29,exact_mg/100_g,exact factor; source explicit dry basis,SUPPORTED_EXACT,true,UNIQUE,true,HPLC-DAD,Table 1,true,,vg_001,false,dry roasted coffee,true
acre-caf-R9,acre_r9,acre_r9_medium_light,acre2024,,acre2024,acre2024_tables1_2,lab_uel_benassi,caffeine,2331,mg/100 g,dry roasted coffee,10,SD,4,TOTAL_ROASTED_CONTENT,DIRECT_ROASTED_MATERIAL_ASSAY,23.31,mg/g dry roasted coffee,0.1,exact_mg/100_g,exact factor; source explicit dry basis,SUPPORTED_EXACT,true,UNIQUE,true,HPLC-DAD,Table 1,true,,vg_001,false,dry roasted coffee,true
acre-tri-C1,acre_c1,acre_c1_medium_light,acre2024,,acre2024,acre2024_tables1_2,lab_uel_benassi,trigonelline,294,mg/100 g,dry roasted coffee,23,SD,4,TOTAL_ROASTED_CONTENT,DIRECT_ROASTED_MATERIAL_ASSAY,2.94,mg/g dry roasted coffee,0.23,exact_mg/100_g,exact factor; source explicit dry basis,SUPPORTED_EXACT,true,UNIQUE,true,HPLC-DAD,Table 2,true,,vg_001,false,dry roasted coffee,true
acre-tri-C10,acre_c10,acre_c10_medium_light,acre2024,,acre2024,acre2024_tables1_2,lab_uel_benassi,trigonelline,316,mg/100 g,dry roasted coffee,4,SD,4,TOTAL_ROASTED_CONTENT,DIRECT_ROASTED_MATERIAL_ASSAY,3.16,mg/g dry roasted coffee,0.04,exact_mg/100_g,exact factor; source explicit dry basis,SUPPORTED_EXACT,true,UNIQUE,true,HPLC-DAD,Table 2,true,,vg_001,false,dry roasted coffee,true
acre-tri-C2,acre_c2,acre_c2_medium_light,acre2024,,acre2024,acre2024_tables1_2,lab_uel_benassi,trigonelline,540,mg/100 g,dry roasted coffee,5,SD,4,TOTAL_ROASTED_CONTENT,DIRECT_ROASTED_MATERIAL_ASSAY,5.4,mg/g dry roasted coffee,0.05,exact_mg/100_g,exact factor; source explicit dry basis,SUPPORTED_EXACT,true,UNIQUE,true,HPLC-DAD,Table 2,true,,vg_001,false,dry roasted coffee,true
acre-tri-C3,acre_c3,acre_c3_medium_light,acre2024,,acre2024,acre2024_tables1_2,lab_uel_benassi,trigonelline,422,mg/100 g,dry roasted coffee,46,SD,4,TOTAL_ROASTED_CONTENT,DIRECT_ROASTED_MATERIAL_ASSAY,4.22,mg/g dry roasted coffee,0.46,exact_mg/100_g,exact factor; source explicit dry basis,SUPPORTED_EXACT,true,UNIQUE,true,HPLC-DAD,Table 2,true,,vg_001,false,dry roasted coffee,true
acre-tri-C4,acre_c4,acre_c4_medium_light,acre2024,,acre2024,acre2024_tables1_2,lab_uel_benassi,trigonelline,620,mg/100 g,dry roasted coffee,15,SD,4,TOTAL_ROASTED_CONTENT,DIRECT_ROASTED_MATERIAL_ASSAY,6.2,mg/g dry roasted coffee,0.15,exact_mg/100_g,exact factor; source explicit dry basis,SUPPORTED_EXACT,true,UNIQUE,true,HPLC-DAD,Table 2,true,,vg_001,false,dry roasted coffee,true
acre-tri-C5,acre_c5,acre_c5_medium_light,acre2024,,acre2024,acre2024_tables1_2,lab_uel_benassi,trigonelline,496,mg/100 g,dry roasted coffee,2,SD,4,TOTAL_ROASTED_CONTENT,DIRECT_ROASTED_MATERIAL_ASSAY,4.96,mg/g dry roasted coffee,0.02,exact_mg/100_g,exact factor; source explicit dry basis,SUPPORTED_EXACT,true,UNIQUE,true,HPLC-DAD,Table 2,true,,vg_001,false,dry roasted coffee,true
acre-tri-C6,acre_c6,acre_c6_medium_light,acre2024,,acre2024,acre2024_tables1_2,lab_uel_benassi,trigonelline,398,mg/100 g,dry roasted coffee,6,SD,4,TOTAL_ROASTED_CONTENT,DIRECT_ROASTED_MATERIAL_ASSAY,3.98,mg/g dry roasted coffee,0.06,exact_mg/100_g,exact factor; source explicit dry basis,SUPPORTED_EXACT,true,UNIQUE,true,HPLC-DAD,Table 2,true,,vg_001,false,dry roasted coffee,true
acre-tri-C7,acre_c7,acre_c7_medium_light,acre2024,,acre2024,acre2024_tables1_2,lab_uel_benassi,trigonelline,445,mg/100 g,dry roasted coffee,18,SD,4,TOTAL_ROASTED_CONTENT,DIRECT_ROASTED_MATERIAL_ASSAY,4.45,mg/g dry roasted coffee,0.18,exact_mg/100_g,exact factor; source explicit dry basis,SUPPORTED_EXACT,true,UNIQUE,true,HPLC-DAD,Table 2,true,,vg_001,false,dry roasted coffee,true
acre-tri-C8,acre_c8,acre_c8_medium_light,acre2024,,acre2024,acre2024_tables1_2,lab_uel_benassi,trigonelline,474,mg/100 g,dry roasted coffee,24,SD,4,TOTAL_ROASTED_CONTENT,DIRECT_ROASTED_MATERIAL_ASSAY,4.74,mg/g dry roasted coffee,0.24,exact_mg/100_g,exact factor; source explicit dry basis,SUPPORTED_EXACT,true,UNIQUE,true,HPLC-DAD,Table 2,true,,vg_001,false,dry roasted coffee,true
acre-tri-C9,acre_c9,acre_c9_medium_light,acre2024,,acre2024,acre2024_tables1_2,lab_uel_benassi,trigonelline,316,mg/100 g,dry roasted coffee,13,SD,4,TOTAL_ROASTED_CONTENT,DIRECT_ROASTED_MATERIAL_ASSAY,3.16,mg/g dry roasted coffee,0.13,exact_mg/100_g,exact factor; source explicit dry basis,SUPPORTED_EXACT,true,UNIQUE,true,HPLC-DAD,Table 2,true,,vg_001,false,dry roasted coffee,true
acre-tri-H1,acre_h1,acre_h1_medium_light,acre2024,,acre2024,acre2024_tables1_2,lab_uel_benassi,trigonelline,554,mg/100 g,dry roasted coffee,16,SD,4,TOTAL_ROASTED_CONTENT,DIRECT_ROASTED_MATERIAL_ASSAY,5.54,mg/g dry roasted coffee,0.16,exact_mg/100_g,exact factor; source explicit dry basis,SUPPORTED_EXACT,true,UNIQUE,true,HPLC-DAD,Table 2,true,,vg_001,false,dry roasted coffee,true
acre-tri-H10,acre_h10,acre_h10_medium_light,acre2024,,acre2024,acre2024_tables1_2,lab_uel_benassi,trigonelline,804,mg/100 g,dry roasted coffee,85,SD,4,TOTAL_ROASTED_CONTENT,DIRECT_ROASTED_MATERIAL_ASSAY,8.040000000000001,mg/g dry roasted coffee,0.85,exact_mg/100_g,exact factor; source explicit dry basis,SUPPORTED_EXACT,true,UNIQUE,true,HPLC-DAD,Table 2,true,,vg_001,false,dry roasted coffee,true
acre-tri-H2,acre_h2,acre_h2_medium_light,acre2024,,acre2024,acre2024_tables1_2,lab_uel_benassi,trigonelline,570,mg/100 g,dry roasted coffee,12,SD,4,TOTAL_ROASTED_CONTENT,DIRECT_ROASTED_MATERIAL_ASSAY,5.7,mg/g dry roasted coffee,0.12,exact_mg/100_g,exact factor; source explicit dry basis,SUPPORTED_EXACT,true,UNIQUE,true,HPLC-DAD,Table 2,true,,vg_001,false,dry roasted coffee,true
acre-tri-H3,acre_h3,acre_h3_medium_light,acre2024,,acre2024,acre2024_tables1_2,lab_uel_benassi,trigonelline,559,mg/100 g,dry roasted coffee,22,SD,4,TOTAL_ROASTED_CONTENT,DIRECT_ROASTED_MATERIAL_ASSAY,5.59,mg/g dry roasted coffee,0.22,exact_mg/100_g,exact factor; source explicit dry basis,SUPPORTED_EXACT,true,UNIQUE,true,HPLC-DAD,Table 2,true,,vg_001,false,dry roasted coffee,true
acre-tri-H4,acre_h4,acre_h4_medium_light,acre2024,,acre2024,acre2024_tables1_2,lab_uel_benassi,trigonelline,620,mg/100 g,dry roasted coffee,29,SD,4,TOTAL_ROASTED_CONTENT,DIRECT_ROASTED_MATERIAL_ASSAY,6.2,mg/g dry roasted coffee,0.29,exact_mg/100_g,exact factor; source explicit dry basis,SUPPORTED_EXACT,true,UNIQUE,true,HPLC-DAD,Table 2,true,,vg_001,false,dry roasted coffee,true
acre-tri-H5,acre_h5,acre_h5_medium_light,acre2024,,acre2024,acre2024_tables1_2,lab_uel_benassi,trigonelline,285,mg/100 g,dry roasted coffee,52,SD,4,TOTAL_ROASTED_CONTENT,DIRECT_ROASTED_MATERIAL_ASSAY,2.85,mg/g dry roasted coffee,0.52,exact_mg/100_g,exact factor; source explicit dry basis,SUPPORTED_EXACT,true,UNIQUE,true,HPLC-DAD,Table 2,true,,vg_001,false,dry roasted coffee,true
acre-tri-H6,acre_h6,acre_h6_medium_light,acre2024,,acre2024,acre2024_tables1_2,lab_uel_benassi,trigonelline,709,mg/100 g,dry roasted coffee,13,SD,4,TOTAL_ROASTED_CONTENT,DIRECT_ROASTED_MATERIAL_ASSAY,7.09,mg/g dry roasted coffee,0.13,exact_mg/100_g,exact factor; source explicit dry basis,SUPPORTED_EXACT,true,UNIQUE,true,HPLC-DAD,Table 2,true,,vg_001,false,dry roasted coffee,true
acre-tri-H7,acre_h7,acre_h7_medium_light,acre2024,,acre2024,acre2024_tables1_2,lab_uel_benassi,trigonelline,705,mg/100 g,dry roasted coffee,20,SD,4,TOTAL_ROASTED_CONTENT,DIRECT_ROASTED_MATERIAL_ASSAY,7.05,mg/g dry roasted coffee,0.2,exact_mg/100_g,exact factor; source explicit dry basis,SUPPORTED_EXACT,true,UNIQUE,true,HPLC-DAD,Table 2,true,,vg_001,false,dry roasted coffee,true
acre-tri-H8,acre_h8,acre_h8_medium_light,acre2024,,acre2024,acre2024_tables1_2,lab_uel_benassi,trigonelline,646,mg/100 g,dry roasted coffee,11,SD,4,TOTAL_ROASTED_CONTENT,DIRECT_ROASTED_MATERIAL_ASSAY,6.46,mg/g dry roasted coffee,0.11,exact_mg/100_g,exact factor; source explicit dry basis,SUPPORTED_EXACT,true,UNIQUE,true,HPLC-DAD,Table 2,true,,vg_001,false,dry roasted coffee,true
acre-tri-H9,acre_h9,acre_h9_medium_light,acre2024,,acre2024,acre2024_tables1_2,lab_uel_benassi,trigonelline,683,mg/100 g,dry roasted coffee,4,SD,4,TOTAL_ROASTED_CONTENT,DIRECT_ROASTED_MATERIAL_ASSAY,6.83,mg/g dry roasted coffee,0.04,exact_mg/100_g,exact factor; source explicit dry basis,SUPPORTED_EXACT,true,UNIQUE,true,HPLC-DAD,Table 2,true,,vg_001,false,dry roasted coffee,true
acre-tri-R1,acre_r1,acre_r1_medium_light,acre2024,,acre2024,acre2024_tables1_2,lab_uel_benassi,trigonelline,636,mg/100 g,dry roasted coffee,23,SD,4,TOTAL_ROASTED_CONTENT,DIRECT_ROASTED_MATERIAL_ASSAY,6.36,mg/g dry roasted coffee,0.23,exact_mg/100_g,exact factor; source explicit dry basis,SUPPORTED_EXACT,true,UNIQUE,true,HPLC-DAD,Table 2,true,,vg_001,false,dry roasted coffee,true
acre-tri-R10,acre_r10,acre_r10_medium_light,acre2024,,acre2024,acre2024_tables1_2,lab_uel_benassi,trigonelline,227,mg/100 g,dry roasted coffee,7,SD,4,TOTAL_ROASTED_CONTENT,DIRECT_ROASTED_MATERIAL_ASSAY,2.27,mg/g dry roasted coffee,0.07,exact_mg/100_g,exact factor; source explicit dry basis,SUPPORTED_EXACT,true,UNIQUE,true,HPLC-DAD,Table 2,true,,vg_001,false,dry roasted coffee,true
acre-tri-R2,acre_r2,acre_r2_medium_light,acre2024,,acre2024,acre2024_tables1_2,lab_uel_benassi,trigonelline,329,mg/100 g,dry roasted coffee,21,SD,4,TOTAL_ROASTED_CONTENT,DIRECT_ROASTED_MATERIAL_ASSAY,3.29,mg/g dry roasted coffee,0.21,exact_mg/100_g,exact factor; source explicit dry basis,SUPPORTED_EXACT,true,UNIQUE,true,HPLC-DAD,Table 2,true,,vg_001,false,dry roasted coffee,true
acre-tri-R3,acre_r3,acre_r3_medium_light,acre2024,,acre2024,acre2024_tables1_2,lab_uel_benassi,trigonelline,360,mg/100 g,dry roasted coffee,50,SD,4,TOTAL_ROASTED_CONTENT,DIRECT_ROASTED_MATERIAL_ASSAY,3.6,mg/g dry roasted coffee,0.5,exact_mg/100_g,exact factor; source explicit dry basis,SUPPORTED_EXACT,true,UNIQUE,true,HPLC-DAD,Table 2,true,,vg_001,false,dry roasted coffee,true
acre-tri-R4,acre_r4,acre_r4_medium_light,acre2024,,acre2024,acre2024_tables1_2,lab_uel_benassi,trigonelline,260,mg/100 g,dry roasted coffee,29,SD,4,TOTAL_ROASTED_CONTENT,DIRECT_ROASTED_MATERIAL_ASSAY,2.6,mg/g dry roasted coffee,0.29,exact_mg/100_g,exact factor; source explicit dry basis,SUPPORTED_EXACT,true,UNIQUE,true,HPLC-DAD,Table 2,true,,vg_001,false,dry roasted coffee,true
acre-tri-R5,acre_r5,acre_r5_medium_light,acre2024,,acre2024,acre2024_tables1_2,lab_uel_benassi,trigonelline,263,mg/100 g,dry roasted coffee,15,SD,4,TOTAL_ROASTED_CONTENT,DIRECT_ROASTED_MATERIAL_ASSAY,2.63,mg/g dry roasted coffee,0.15,exact_mg/100_g,exact factor; source explicit dry basis,SUPPORTED_EXACT,true,UNIQUE,true,HPLC-DAD,Table 2,true,,vg_001,false,dry roasted coffee,true
acre-tri-R6,acre_r6,acre_r6_medium_light,acre2024,,acre2024,acre2024_tables1_2,lab_uel_benassi,trigonelline,632,mg/100 g,dry roasted coffee,26,SD,4,TOTAL_ROASTED_CONTENT,DIRECT_ROASTED_MATERIAL_ASSAY,6.32,mg/g dry roasted coffee,0.26,exact_mg/100_g,exact factor; source explicit dry basis,SUPPORTED_EXACT,true,UNIQUE,true,HPLC-DAD,Table 2,true,,vg_001,false,dry roasted coffee,true
acre-tri-R7,acre_r7,acre_r7_medium_light,acre2024,,acre2024,acre2024_tables1_2,lab_uel_benassi,trigonelline,314,mg/100 g,dry roasted coffee,15,SD,4,TOTAL_ROASTED_CONTENT,DIRECT_ROASTED_MATERIAL_ASSAY,3.14,mg/g dry roasted coffee,0.15,exact_mg/100_g,exact factor; source explicit dry basis,SUPPORTED_EXACT,true,UNIQUE,true,HPLC-DAD,Table 2,true,,vg_001,false,dry roasted coffee,true
acre-tri-R8,acre_r8,acre_r8_medium_light,acre2024,,acre2024,acre2024_tables1_2,lab_uel_benassi,trigonelline,253,mg/100 g,dry roasted coffee,6,SD,4,TOTAL_ROASTED_CONTENT,DIRECT_ROASTED_MATERIAL_ASSAY,2.5300000000000002,mg/g dry roasted coffee,0.06,exact_mg/100_g,exact factor; source explicit dry basis,SUPPORTED_EXACT,true,UNIQUE,true,HPLC-DAD,Table 2,true,,vg_001,false,dry roasted coffee,true
acre-tri-R9,acre_r9,acre_r9_medium_light,acre2024,,acre2024,acre2024_tables1_2,lab_uel_benassi,trigonelline,338,mg/100 g,dry roasted coffee,10,SD,4,TOTAL_ROASTED_CONTENT,DIRECT_ROASTED_MATERIAL_ASSAY,3.38,mg/g dry roasted coffee,0.1,exact_mg/100_g,exact factor; source explicit dry basis,SUPPORTED_EXACT,true,UNIQUE,true,HPLC-DAD,Table 2,true,,vg_001,false,dry roasted coffee,true
dias-caf-0-dark,dias_r000,dias_r000_dark,dias2015,,dias2015,dias2015_table2,lab_uel_benassi,caffeine,1.36,g/100 g,dry roasted coffee,0.06,SD,2,TOTAL_ROASTED_CONTENT,DIRECT_ROASTED_MATERIAL_ASSAY,13.600000000000001,mg/g dry roasted coffee,0.6,exact_g/100_g,exact factor; source explicit dry basis,SUPPORTED_EXACT,true,UNIQUE,true,HPLC-DAD,Table 2,true,,vg_002,false,dry roasted coffee,true
dias-caf-0-light,dias_r000,dias_r000_light,dias2015,,dias2015,dias2015_table2,lab_uel_benassi,caffeine,1.33,g/100 g,dry roasted coffee,0.02,SD,2,TOTAL_ROASTED_CONTENT,DIRECT_ROASTED_MATERIAL_ASSAY,13.3,mg/g dry roasted coffee,0.2,exact_g/100_g,exact factor; source explicit dry basis,SUPPORTED_EXACT,true,UNIQUE,true,HPLC-DAD,Table 2,true,,vg_002,false,dry roasted coffee,true
dias-caf-0-medium,dias_r000,dias_r000_medium,dias2015,,dias2015,dias2015_table2,lab_uel_benassi,caffeine,1.35,g/100 g,dry roasted coffee,0.05,SD,2,TOTAL_ROASTED_CONTENT,DIRECT_ROASTED_MATERIAL_ASSAY,13.5,mg/g dry roasted coffee,0.5,exact_g/100_g,exact factor; source explicit dry basis,SUPPORTED_EXACT,true,UNIQUE,true,HPLC-DAD,Table 2,true,,vg_002,false,dry roasted coffee,true
dias-caf-100-dark,dias_r100,dias_r100_dark,dias2015,,dias2015,dias2015_table2,lab_uel_benassi,caffeine,2.2,g/100 g,dry roasted coffee,0.05,SD,2,TOTAL_ROASTED_CONTENT,DIRECT_ROASTED_MATERIAL_ASSAY,22.0,mg/g dry roasted coffee,0.5,exact_g/100_g,exact factor; source explicit dry basis,SUPPORTED_EXACT,true,UNIQUE,true,HPLC-DAD,Table 2,true,,vg_002,false,dry roasted coffee,true
dias-caf-100-light,dias_r100,dias_r100_light,dias2015,,dias2015,dias2015_table2,lab_uel_benassi,caffeine,2.25,g/100 g,dry roasted coffee,0.13,SD,2,TOTAL_ROASTED_CONTENT,DIRECT_ROASTED_MATERIAL_ASSAY,22.5,mg/g dry roasted coffee,1.3,exact_g/100_g,exact factor; source explicit dry basis,SUPPORTED_EXACT,true,UNIQUE,true,HPLC-DAD,Table 2,true,,vg_002,false,dry roasted coffee,true
dias-caf-100-medium,dias_r100,dias_r100_medium,dias2015,,dias2015,dias2015_table2,lab_uel_benassi,caffeine,2.1,g/100 g,dry roasted coffee,0.14,SD,2,TOTAL_ROASTED_CONTENT,DIRECT_ROASTED_MATERIAL_ASSAY,21.0,mg/g dry roasted coffee,1.4000000000000001,exact_g/100_g,exact factor; source explicit dry basis,SUPPORTED_EXACT,true,UNIQUE,true,HPLC-DAD,Table 2,true,,vg_002,false,dry roasted coffee,true
dias-caf-20-dark,dias_r020,dias_r020_dark,dias2015,,dias2015,dias2015_table2,lab_uel_benassi,caffeine,1.52,g/100 g,dry roasted coffee,0.06,SD,2,TOTAL_ROASTED_CONTENT,DIRECT_ROASTED_MATERIAL_ASSAY,15.2,mg/g dry roasted coffee,0.6,exact_g/100_g,exact factor; source explicit dry basis,SUPPORTED_EXACT,true,UNIQUE,true,HPLC-DAD,Table 2,true,,vg_002,false,dry roasted coffee,true
dias-caf-20-light,dias_r020,dias_r020_light,dias2015,,dias2015,dias2015_table2,lab_uel_benassi,caffeine,1.53,g/100 g,dry roasted coffee,0.05,SD,2,TOTAL_ROASTED_CONTENT,DIRECT_ROASTED_MATERIAL_ASSAY,15.3,mg/g dry roasted coffee,0.5,exact_g/100_g,exact factor; source explicit dry basis,SUPPORTED_EXACT,true,UNIQUE,true,HPLC-DAD,Table 2,true,,vg_002,false,dry roasted coffee,true
dias-caf-20-medium,dias_r020,dias_r020_medium,dias2015,,dias2015,dias2015_table2,lab_uel_benassi,caffeine,1.51,g/100 g,dry roasted coffee,0.0,SD,2,TOTAL_ROASTED_CONTENT,DIRECT_ROASTED_MATERIAL_ASSAY,15.1,mg/g dry roasted coffee,0.0,exact_g/100_g,exact factor; source explicit dry basis,SUPPORTED_EXACT,true,UNIQUE,true,HPLC-DAD,Table 2,true,,vg_002,false,dry roasted coffee,true
dias-caf-30-dark,dias_r030,dias_r030_dark,dias2015,,dias2015,dias2015_table2,lab_uel_benassi,caffeine,1.57,g/100 g,dry roasted coffee,0.01,SD,2,TOTAL_ROASTED_CONTENT,DIRECT_ROASTED_MATERIAL_ASSAY,15.700000000000001,mg/g dry roasted coffee,0.1,exact_g/100_g,exact factor; source explicit dry basis,SUPPORTED_EXACT,true,UNIQUE,true,HPLC-DAD,Table 2,true,,vg_002,false,dry roasted coffee,true
dias-caf-30-light,dias_r030,dias_r030_light,dias2015,,dias2015,dias2015_table2,lab_uel_benassi,caffeine,1.62,g/100 g,dry roasted coffee,0.06,SD,2,TOTAL_ROASTED_CONTENT,DIRECT_ROASTED_MATERIAL_ASSAY,16.200000000000003,mg/g dry roasted coffee,0.6,exact_g/100_g,exact factor; source explicit dry basis,SUPPORTED_EXACT,true,UNIQUE,true,HPLC-DAD,Table 2,true,,vg_002,false,dry roasted coffee,true
dias-caf-30-medium,dias_r030,dias_r030_medium,dias2015,,dias2015,dias2015_table2,lab_uel_benassi,caffeine,1.55,g/100 g,dry roasted coffee,0.07,SD,2,TOTAL_ROASTED_CONTENT,DIRECT_ROASTED_MATERIAL_ASSAY,15.5,mg/g dry roasted coffee,0.7000000000000001,exact_g/100_g,exact factor; source explicit dry basis,SUPPORTED_EXACT,true,UNIQUE,true,HPLC-DAD,Table 2,true,,vg_002,false,dry roasted coffee,true
dias-caf-50-dark,dias_r050,dias_r050_dark,dias2015,,dias2015,dias2015_table2,lab_uel_benassi,caffeine,1.78,g/100 g,dry roasted coffee,0.06,SD,2,TOTAL_ROASTED_CONTENT,DIRECT_ROASTED_MATERIAL_ASSAY,17.8,mg/g dry roasted coffee,0.6,exact_g/100_g,exact factor; source explicit dry basis,SUPPORTED_EXACT,true,UNIQUE,true,HPLC-DAD,Table 2,true,,vg_002,false,dry roasted coffee,true
dias-caf-50-light,dias_r050,dias_r050_light,dias2015,,dias2015,dias2015_table2,lab_uel_benassi,caffeine,1.82,g/100 g,dry roasted coffee,0.11,SD,2,TOTAL_ROASTED_CONTENT,DIRECT_ROASTED_MATERIAL_ASSAY,18.2,mg/g dry roasted coffee,1.1,exact_g/100_g,exact factor; source explicit dry basis,SUPPORTED_EXACT,true,UNIQUE,true,HPLC-DAD,Table 2,true,,vg_002,false,dry roasted coffee,true
dias-caf-50-medium,dias_r050,dias_r050_medium,dias2015,,dias2015,dias2015_table2,lab_uel_benassi,caffeine,1.79,g/100 g,dry roasted coffee,0.04,SD,2,TOTAL_ROASTED_CONTENT,DIRECT_ROASTED_MATERIAL_ASSAY,17.9,mg/g dry roasted coffee,0.4,exact_g/100_g,exact factor; source explicit dry basis,SUPPORTED_EXACT,true,UNIQUE,true,HPLC-DAD,Table 2,true,,vg_002,false,dry roasted coffee,true
dias-tri-0-dark,dias_r000,dias_r000_dark,dias2015,,dias2015,dias2015_table2,lab_uel_benassi,trigonelline,0.297,g/100 g,dry roasted coffee,0.01,SD,2,TOTAL_ROASTED_CONTENT,DIRECT_ROASTED_MATERIAL_ASSAY,2.9699999999999998,mg/g dry roasted coffee,0.1,exact_g/100_g,exact factor; source explicit dry basis,SUPPORTED_EXACT,true,UNIQUE,true,HPLC-DAD,Table 2,true,,vg_002,false,dry roasted coffee,true
dias-tri-0-light,dias_r000,dias_r000_light,dias2015,,dias2015,dias2015_table2,lab_uel_benassi,trigonelline,0.928,g/100 g,dry roasted coffee,0.005,SD,2,TOTAL_ROASTED_CONTENT,DIRECT_ROASTED_MATERIAL_ASSAY,9.280000000000001,mg/g dry roasted coffee,0.05,exact_g/100_g,exact factor; source explicit dry basis,SUPPORTED_EXACT,true,UNIQUE,true,HPLC-DAD,Table 2,true,,vg_002,false,dry roasted coffee,true
dias-tri-0-medium,dias_r000,dias_r000_medium,dias2015,,dias2015,dias2015_table2,lab_uel_benassi,trigonelline,0.489,g/100 g,dry roasted coffee,0.007,SD,2,TOTAL_ROASTED_CONTENT,DIRECT_ROASTED_MATERIAL_ASSAY,4.89,mg/g dry roasted coffee,0.07,exact_g/100_g,exact factor; source explicit dry basis,SUPPORTED_EXACT,true,UNIQUE,true,HPLC-DAD,Table 2,true,,vg_002,false,dry roasted coffee,true
dias-tri-100-dark,dias_r100,dias_r100_dark,dias2015,,dias2015,dias2015_table2,lab_uel_benassi,trigonelline,0.119,g/100 g,dry roasted coffee,0.003,SD,2,TOTAL_ROASTED_CONTENT,DIRECT_ROASTED_MATERIAL_ASSAY,1.19,mg/g dry roasted coffee,0.03,exact_g/100_g,exact factor; source explicit dry basis,SUPPORTED_EXACT,true,UNIQUE,true,HPLC-DAD,Table 2,true,,vg_002,false,dry roasted coffee,true
dias-tri-100-light,dias_r100,dias_r100_light,dias2015,,dias2015,dias2015_table2,lab_uel_benassi,trigonelline,0.683,g/100 g,dry roasted coffee,0.011,SD,2,TOTAL_ROASTED_CONTENT,DIRECT_ROASTED_MATERIAL_ASSAY,6.83,mg/g dry roasted coffee,0.10999999999999999,exact_g/100_g,exact factor; source explicit dry basis,SUPPORTED_EXACT,true,UNIQUE,true,HPLC-DAD,Table 2,true,,vg_002,false,dry roasted coffee,true
dias-tri-100-medium,dias_r100,dias_r100_medium,dias2015,,dias2015,dias2015_table2,lab_uel_benassi,trigonelline,0.38,g/100 g,dry roasted coffee,0.015,SD,2,TOTAL_ROASTED_CONTENT,DIRECT_ROASTED_MATERIAL_ASSAY,3.8,mg/g dry roasted coffee,0.15,exact_g/100_g,exact factor; source explicit dry basis,SUPPORTED_EXACT,true,UNIQUE,true,HPLC-DAD,Table 2,true,,vg_002,false,dry roasted coffee,true
dias-tri-20-dark,dias_r020,dias_r020_dark,dias2015,,dias2015,dias2015_table2,lab_uel_benassi,trigonelline,0.262,g/100 g,dry roasted coffee,0.001,SD,2,TOTAL_ROASTED_CONTENT,DIRECT_ROASTED_MATERIAL_ASSAY,2.62,mg/g dry roasted coffee,0.01,exact_g/100_g,exact factor; source explicit dry basis,SUPPORTED_EXACT,true,UNIQUE,true,HPLC-DAD,Table 2,true,,vg_002,false,dry roasted coffee,true
dias-tri-20-light,dias_r020,dias_r020_light,dias2015,,dias2015,dias2015_table2,lab_uel_benassi,trigonelline,0.894,g/100 g,dry roasted coffee,0.007,SD,2,TOTAL_ROASTED_CONTENT,DIRECT_ROASTED_MATERIAL_ASSAY,8.94,mg/g dry roasted coffee,0.07,exact_g/100_g,exact factor; source explicit dry basis,SUPPORTED_EXACT,true,UNIQUE,true,HPLC-DAD,Table 2,true,,vg_002,false,dry roasted coffee,true
dias-tri-20-medium,dias_r020,dias_r020_medium,dias2015,,dias2015,dias2015_table2,lab_uel_benassi,trigonelline,0.462,g/100 g,dry roasted coffee,0.009,SD,2,TOTAL_ROASTED_CONTENT,DIRECT_ROASTED_MATERIAL_ASSAY,4.62,mg/g dry roasted coffee,0.09,exact_g/100_g,exact factor; source explicit dry basis,SUPPORTED_EXACT,true,UNIQUE,true,HPLC-DAD,Table 2,true,,vg_002,false,dry roasted coffee,true
dias-tri-30-dark,dias_r030,dias_r030_dark,dias2015,,dias2015,dias2015_table2,lab_uel_benassi,trigonelline,0.239,g/100 g,dry roasted coffee,0.005,SD,2,TOTAL_ROASTED_CONTENT,DIRECT_ROASTED_MATERIAL_ASSAY,2.3899999999999997,mg/g dry roasted coffee,0.05,exact_g/100_g,exact factor; source explicit dry basis,SUPPORTED_EXACT,true,UNIQUE,true,HPLC-DAD,Table 2,true,,vg_002,false,dry roasted coffee,true
dias-tri-30-light,dias_r030,dias_r030_light,dias2015,,dias2015,dias2015_table2,lab_uel_benassi,trigonelline,0.863,g/100 g,dry roasted coffee,0.004,SD,2,TOTAL_ROASTED_CONTENT,DIRECT_ROASTED_MATERIAL_ASSAY,8.629999999999999,mg/g dry roasted coffee,0.04,exact_g/100_g,exact factor; source explicit dry basis,SUPPORTED_EXACT,true,UNIQUE,true,HPLC-DAD,Table 2,true,,vg_002,false,dry roasted coffee,true
dias-tri-30-medium,dias_r030,dias_r030_medium,dias2015,,dias2015,dias2015_table2,lab_uel_benassi,trigonelline,0.458,g/100 g,dry roasted coffee,0.022,SD,2,TOTAL_ROASTED_CONTENT,DIRECT_ROASTED_MATERIAL_ASSAY,4.58,mg/g dry roasted coffee,0.21999999999999997,exact_g/100_g,exact factor; source explicit dry basis,SUPPORTED_EXACT,true,UNIQUE,true,HPLC-DAD,Table 2,true,,vg_002,false,dry roasted coffee,true
dias-tri-50-dark,dias_r050,dias_r050_dark,dias2015,,dias2015,dias2015_table2,lab_uel_benassi,trigonelline,0.206,g/100 g,dry roasted coffee,0.002,SD,2,TOTAL_ROASTED_CONTENT,DIRECT_ROASTED_MATERIAL_ASSAY,2.06,mg/g dry roasted coffee,0.02,exact_g/100_g,exact factor; source explicit dry basis,SUPPORTED_EXACT,true,UNIQUE,true,HPLC-DAD,Table 2,true,,vg_002,false,dry roasted coffee,true
dias-tri-50-light,dias_r050,dias_r050_light,dias2015,,dias2015,dias2015_table2,lab_uel_benassi,trigonelline,0.865,g/100 g,dry roasted coffee,0.032,SD,2,TOTAL_ROASTED_CONTENT,DIRECT_ROASTED_MATERIAL_ASSAY,8.65,mg/g dry roasted coffee,0.32,exact_g/100_g,exact factor; source explicit dry basis,SUPPORTED_EXACT,true,UNIQUE,true,HPLC-DAD,Table 2,true,,vg_002,false,dry roasted coffee,true
dias-tri-50-medium,dias_r050,dias_r050_medium,dias2015,,dias2015,dias2015_table2,lab_uel_benassi,trigonelline,0.456,g/100 g,dry roasted coffee,0.005,SD,2,TOTAL_ROASTED_CONTENT,DIRECT_ROASTED_MATERIAL_ASSAY,4.5600000000000005,mg/g dry roasted coffee,0.05,exact_g/100_g,exact factor; source explicit dry basis,SUPPORTED_EXACT,true,UNIQUE,true,HPLC-DAD,Table 2,true,,vg_002,false,dry roasted coffee,true
pannusch-caffeine,pannusch_source_coffee,pannusch_source_roast,pannusch2024,,pannusch2024,schmieder_pannusch_lineage,lab_tum_briesen,caffeine,10.8,mg/mL solid phase,solid-phase volume,,unknown,0,SOLID_PHASE_CONCENTRATION,MODEL_INFERRED_OR_FITTED,,,,NO_CONVERSION,,NOT_APPLICABLE_INELIGIBLE_SEMANTICS,true,UNIQUE,false,model/source method,Table 2,false,NOT_ROASTED_UNEXTRACTED;TARGET_SEMANTICS;PROVENANCE;CANONICAL_BASIS_UNSUPPORTED,vg_003,false,,false
pannusch-trigonelline,pannusch_source_coffee,pannusch_source_roast,pannusch2024,,pannusch2024,schmieder_pannusch_lineage,lab_tum_briesen,trigonelline,4.19,mg/mL solid phase,solid-phase volume,,unknown,0,SOLID_PHASE_CONCENTRATION,MODEL_INFERRED_OR_FITTED,,,,NO_CONVERSION,,NOT_APPLICABLE_INELIGIBLE_SEMANTICS,true,UNIQUE,false,model/source method,Table 2,false,NOT_ROASTED_UNEXTRACTED;TARGET_SEMANTICS;PROVENANCE;CANONICAL_BASIS_UNSUPPORTED,vg_003,false,,false
schmieder-caffeine,schmieder_source_coffee,schmieder_source_roast,schmieder2023,,schmieder2023,schmieder_pannusch_lineage,lab_tum_briesen,caffeine,0,mg,asymptotic extracted mass,,unknown,0,ASYMPTOTIC_EXTRACTED_MASS,ASYMPTOTIC_EXTRACTION_ESTIMATE,,,,NO_CONVERSION,,NOT_APPLICABLE_INELIGIBLE_SEMANTICS,true,UNIQUE,false,model/source method,registered cup-mass lineage; representative atlas classification,false,NOT_ROASTED_UNEXTRACTED;TARGET_SEMANTICS;PROVENANCE;CANONICAL_BASIS_UNSUPPORTED,vg_003,false,,false
schmieder-trigonelline,schmieder_source_coffee,schmieder_source_roast,schmieder2023,,schmieder2023,schmieder_pannusch_lineage,lab_tum_briesen,trigonelline,0,mg,asymptotic extracted mass,,unknown,0,ASYMPTOTIC_EXTRACTED_MASS,ASYMPTOTIC_EXTRACTION_ESTIMATE,,,,NO_CONVERSION,,NOT_APPLICABLE_INELIGIBLE_SEMANTICS,true,UNIQUE,false,model/source method,registered cup-mass lineage; representative atlas classification,false,NOT_ROASTED_UNEXTRACTED;TARGET_SEMANTICS;PROVENANCE;CANONICAL_BASIS_UNSUPPORTED,vg_003,false,,false
viencz-caf-BRS1216,viencz_brs1216,viencz_brs1216_medium,viencz2023,,viencz2023,viencz2023_tables1_2,lab_uel_benassi,caffeine,2.86,g/100 g,dry roasted coffee,0.02,SD,4,TOTAL_ROASTED_CONTENT,DIRECT_ROASTED_MATERIAL_ASSAY,28.599999999999998,mg/g dry roasted coffee,0.2,exact_g/100_g,exact factor; source explicit dry basis,SUPPORTED_EXACT,true,UNIQUE,true,HPLC-DAD,Table 2,true,,vg_004,false,dry roasted coffee,true
viencz-caf-BRS2299,viencz_brs2299,viencz_brs2299_medium,viencz2023,,viencz2023,viencz2023_tables1_2,lab_uel_benassi,caffeine,2.29,g/100 g,dry roasted coffee,0.05,SD,4,TOTAL_ROASTED_CONTENT,DIRECT_ROASTED_MATERIAL_ASSAY,22.9,mg/g dry roasted coffee,0.5,exact_g/100_g,exact factor; source explicit dry basis,SUPPORTED_EXACT,true,UNIQUE,true,HPLC-DAD,Table 2,true,,vg_004,false,dry roasted coffee,true
viencz-caf-BRS2314,viencz_brs2314,viencz_brs2314_medium,viencz2023,,viencz2023,viencz2023_tables1_2,lab_uel_benassi,caffeine,3.09,g/100 g,dry roasted coffee,0.05,SD,4,TOTAL_ROASTED_CONTENT,DIRECT_ROASTED_MATERIAL_ASSAY,30.9,mg/g dry roasted coffee,0.5,exact_g/100_g,exact factor; source explicit dry basis,SUPPORTED_EXACT,true,UNIQUE,true,HPLC-DAD,Table 2,true,,vg_004,false,dry roasted coffee,true
viencz-caf-BRS2336,viencz_brs2336,viencz_brs2336_medium,viencz2023,,viencz2023,viencz2023_tables1_2,lab_uel_benassi,caffeine,3.57,g/100 g,dry roasted coffee,0.01,SD,4,TOTAL_ROASTED_CONTENT,DIRECT_ROASTED_MATERIAL_ASSAY,35.699999999999996,mg/g dry roasted coffee,0.1,exact_g/100_g,exact factor; source explicit dry basis,SUPPORTED_EXACT,true,UNIQUE,true,HPLC-DAD,Table 2,true,,vg_004,false,dry roasted coffee,true
viencz-caf-BRS2357,viencz_brs2357,viencz_brs2357_medium,viencz2023,,viencz2023,viencz2023_tables1_2,lab_uel_benassi,caffeine,2.52,g/100 g,dry roasted coffee,0.0,SD,4,TOTAL_ROASTED_CONTENT,DIRECT_ROASTED_MATERIAL_ASSAY,25.2,mg/g dry roasted coffee,0.0,exact_g/100_g,exact factor; source explicit dry basis,SUPPORTED_EXACT,true,UNIQUE,true,HPLC-DAD,Table 2,true,,vg_004,false,dry roasted coffee,true
viencz-caf-BRS3137,viencz_brs3137,viencz_brs3137_medium,viencz2023,,viencz2023,viencz2023_tables1_2,lab_uel_benassi,caffeine,2.46,g/100 g,dry roasted coffee,0.05,SD,4,TOTAL_ROASTED_CONTENT,DIRECT_ROASTED_MATERIAL_ASSAY,24.6,mg/g dry roasted coffee,0.5,exact_g/100_g,exact factor; source explicit dry basis,SUPPORTED_EXACT,true,UNIQUE,true,HPLC-DAD,Table 2,true,,vg_004,false,dry roasted coffee,true
viencz-caf-BRS3193,viencz_brs3193,viencz_brs3193_medium,viencz2023,,viencz2023,viencz2023_tables1_2,lab_uel_benassi,caffeine,2.72,g/100 g,dry roasted coffee,0.05,SD,4,TOTAL_ROASTED_CONTENT,DIRECT_ROASTED_MATERIAL_ASSAY,27.200000000000003,mg/g dry roasted coffee,0.5,exact_g/100_g,exact factor; source explicit dry basis,SUPPORTED_EXACT,true,UNIQUE,true,HPLC-DAD,Table 2,true,,vg_004,false,dry roasted coffee,true
viencz-caf-BRS3210,viencz_brs3210,viencz_brs3210_medium,viencz2023,,viencz2023,viencz2023_tables1_2,lab_uel_benassi,caffeine,2.88,g/100 g,dry roasted coffee,0.04,SD,4,TOTAL_ROASTED_CONTENT,DIRECT_ROASTED_MATERIAL_ASSAY,28.799999999999997,mg/g dry roasted coffee,0.4,exact_g/100_g,exact factor; source explicit dry basis,SUPPORTED_EXACT,true,UNIQUE,true,HPLC-DAD,Table 2,true,,vg_004,false,dry roasted coffee,true
viencz-caf-BRS3213,viencz_brs3213,viencz_brs3213_medium,viencz2023,,viencz2023,viencz2023_tables1_2,lab_uel_benassi,caffeine,2.68,g/100 g,dry roasted coffee,0.04,SD,4,TOTAL_ROASTED_CONTENT,DIRECT_ROASTED_MATERIAL_ASSAY,26.8,mg/g dry roasted coffee,0.4,exact_g/100_g,exact factor; source explicit dry basis,SUPPORTED_EXACT,true,UNIQUE,true,HPLC-DAD,Table 2,true,,vg_004,false,dry roasted coffee,true
viencz-caf-BRS3220,viencz_brs3220,viencz_brs3220_medium,viencz2023,,viencz2023,viencz2023_tables1_2,lab_uel_benassi,caffeine,2.55,g/100 g,dry roasted coffee,0.01,SD,4,TOTAL_ROASTED_CONTENT,DIRECT_ROASTED_MATERIAL_ASSAY,25.5,mg/g dry roasted coffee,0.1,exact_g/100_g,exact factor; source explicit dry basis,SUPPORTED_EXACT,true,UNIQUE,true,HPLC-DAD,Table 2,true,,vg_004,false,dry roasted coffee,true
viencz-caf-R1,viencz_r1,viencz_r1_medium,viencz2023,,viencz2023,viencz2023_tables1_2,lab_uel_benassi,caffeine,2.79,g/100 g,dry roasted coffee,.01,SD,4,TOTAL_ROASTED_CONTENT,DIRECT_ROASTED_MATERIAL_ASSAY,27.9,mg/g dry roasted coffee,0.1,exact_g/100_g,exact factor; source explicit dry basis,SUPPORTED_EXACT,true,UNIQUE,true,HPLC-DAD,Table 1,true,,vg_004,false,dry roasted coffee,true
viencz-caf-R10,viencz_r10,viencz_r10_medium,viencz2023,,viencz2023,viencz2023_tables1_2,lab_uel_benassi,caffeine,2.47,g/100 g,dry roasted coffee,.02,SD,4,TOTAL_ROASTED_CONTENT,DIRECT_ROASTED_MATERIAL_ASSAY,24.700000000000003,mg/g dry roasted coffee,0.2,exact_g/100_g,exact factor; source explicit dry basis,SUPPORTED_EXACT,true,UNIQUE,true,HPLC-DAD,Table 1,true,,vg_004,false,dry roasted coffee,true
viencz-caf-R11,viencz_r11,viencz_r11_medium,viencz2023,,viencz2023,viencz2023_tables1_2,lab_uel_benassi,caffeine,2.32,g/100 g,dry roasted coffee,.03,SD,4,TOTAL_ROASTED_CONTENT,DIRECT_ROASTED_MATERIAL_ASSAY,23.2,mg/g dry roasted coffee,0.3,exact_g/100_g,exact factor; source explicit dry basis,SUPPORTED_EXACT,true,UNIQUE,true,HPLC-DAD,Table 1,true,,vg_004,false,dry roasted coffee,true
viencz-caf-R12,viencz_r12,viencz_r12_medium,viencz2023,,viencz2023,viencz2023_tables1_2,lab_uel_benassi,caffeine,2.11,g/100 g,dry roasted coffee,.04,SD,4,TOTAL_ROASTED_CONTENT,DIRECT_ROASTED_MATERIAL_ASSAY,21.099999999999998,mg/g dry roasted coffee,0.4,exact_g/100_g,exact factor; source explicit dry basis,SUPPORTED_EXACT,true,UNIQUE,true,HPLC-DAD,Table 1,true,,vg_004,false,dry roasted coffee,true
viencz-caf-R13,viencz_r13,viencz_r13_medium,viencz2023,,viencz2023,viencz2023_tables1_2,lab_uel_benassi,caffeine,2.03,g/100 g,dry roasted coffee,.04,SD,4,TOTAL_ROASTED_CONTENT,DIRECT_ROASTED_MATERIAL_ASSAY,20.299999999999997,mg/g dry roasted coffee,0.4,exact_g/100_g,exact factor; source explicit dry basis,SUPPORTED_EXACT,true,UNIQUE,true,HPLC-DAD,Table 1,true,,vg_004,false,dry roasted coffee,true
viencz-caf-R14,viencz_r14,viencz_r14_medium,viencz2023,,viencz2023,viencz2023_tables1_2,lab_uel_benassi,caffeine,2.37,g/100 g,dry roasted coffee,.00,SD,4,TOTAL_ROASTED_CONTENT,DIRECT_ROASTED_MATERIAL_ASSAY,23.700000000000003,mg/g dry roasted coffee,0.0,exact_g/100_g,exact factor; source explicit dry basis,SUPPORTED_EXACT,true,UNIQUE,true,HPLC-DAD,Table 1,true,,vg_004,false,dry roasted coffee,true
viencz-caf-R15,viencz_r15,viencz_r15_medium,viencz2023,,viencz2023,viencz2023_tables1_2,lab_uel_benassi,caffeine,2.19,g/100 g,dry roasted coffee,.01,SD,4,TOTAL_ROASTED_CONTENT,DIRECT_ROASTED_MATERIAL_ASSAY,21.9,mg/g dry roasted coffee,0.1,exact_g/100_g,exact factor; source explicit dry basis,SUPPORTED_EXACT,true,UNIQUE,true,HPLC-DAD,Table 1,true,,vg_004,false,dry roasted coffee,true
viencz-caf-R16,viencz_r16,viencz_r16_medium,viencz2023,,viencz2023,viencz2023_tables1_2,lab_uel_benassi,caffeine,2.02,g/100 g,dry roasted coffee,.03,SD,4,TOTAL_ROASTED_CONTENT,DIRECT_ROASTED_MATERIAL_ASSAY,20.2,mg/g dry roasted coffee,0.3,exact_g/100_g,exact factor; source explicit dry basis,SUPPORTED_EXACT,true,UNIQUE,true,HPLC-DAD,Table 1,true,,vg_004,false,dry roasted coffee,true
viencz-caf-R17,viencz_r17,viencz_r17_medium,viencz2023,,viencz2023,viencz2023_tables1_2,lab_uel_benassi,caffeine,2.53,g/100 g,dry roasted coffee,.01,SD,4,TOTAL_ROASTED_CONTENT,DIRECT_ROASTED_MATERIAL_ASSAY,25.299999999999997,mg/g dry roasted coffee,0.1,exact_g/100_g,exact factor; source explicit dry basis,SUPPORTED_EXACT,true,UNIQUE,true,HPLC-DAD,Table 1,true,,vg_004,false,dry roasted coffee,true
viencz-caf-R18,viencz_r18,viencz_r18_medium,viencz2023,,viencz2023,viencz2023_tables1_2,lab_uel_benassi,caffeine,2.65,g/100 g,dry roasted coffee,.02,SD,4,TOTAL_ROASTED_CONTENT,DIRECT_ROASTED_MATERIAL_ASSAY,26.5,mg/g dry roasted coffee,0.2,exact_g/100_g,exact factor; source explicit dry basis,SUPPORTED_EXACT,true,UNIQUE,true,HPLC-DAD,Table 1,true,,vg_004,false,dry roasted coffee,true
viencz-caf-R19,viencz_r19,viencz_r19_medium,viencz2023,,viencz2023,viencz2023_tables1_2,lab_uel_benassi,caffeine,1.98,g/100 g,dry roasted coffee,.10,SD,4,TOTAL_ROASTED_CONTENT,DIRECT_ROASTED_MATERIAL_ASSAY,19.8,mg/g dry roasted coffee,1.0,exact_g/100_g,exact factor; source explicit dry basis,SUPPORTED_EXACT,true,UNIQUE,true,HPLC-DAD,Table 1,true,,vg_004,false,dry roasted coffee,true
viencz-caf-R2,viencz_r2,viencz_r2_medium,viencz2023,,viencz2023,viencz2023_tables1_2,lab_uel_benassi,caffeine,2.34,g/100 g,dry roasted coffee,.01,SD,4,TOTAL_ROASTED_CONTENT,DIRECT_ROASTED_MATERIAL_ASSAY,23.4,mg/g dry roasted coffee,0.1,exact_g/100_g,exact factor; source explicit dry basis,SUPPORTED_EXACT,true,UNIQUE,true,HPLC-DAD,Table 1,true,,vg_004,false,dry roasted coffee,true
viencz-caf-R20,viencz_r20,viencz_r20_medium,viencz2023,,viencz2023,viencz2023_tables1_2,lab_uel_benassi,caffeine,2.74,g/100 g,dry roasted coffee,.02,SD,4,TOTAL_ROASTED_CONTENT,DIRECT_ROASTED_MATERIAL_ASSAY,27.400000000000002,mg/g dry roasted coffee,0.2,exact_g/100_g,exact factor; source explicit dry basis,SUPPORTED_EXACT,true,UNIQUE,true,HPLC-DAD,Table 1,true,,vg_004,false,dry roasted coffee,true
viencz-caf-R21,viencz_r21,viencz_r21_medium,viencz2023,,viencz2023,viencz2023_tables1_2,lab_uel_benassi,caffeine,2.61,g/100 g,dry roasted coffee,.01,SD,4,TOTAL_ROASTED_CONTENT,DIRECT_ROASTED_MATERIAL_ASSAY,26.099999999999998,mg/g dry roasted coffee,0.1,exact_g/100_g,exact factor; source explicit dry basis,SUPPORTED_EXACT,true,UNIQUE,true,HPLC-DAD,Table 1,true,,vg_004,false,dry roasted coffee,true
viencz-caf-R22,viencz_r22,viencz_r22_medium,viencz2023,,viencz2023,viencz2023_tables1_2,lab_uel_benassi,caffeine,1.72,g/100 g,dry roasted coffee,.01,SD,4,TOTAL_ROASTED_CONTENT,DIRECT_ROASTED_MATERIAL_ASSAY,17.2,mg/g dry roasted coffee,0.1,exact_g/100_g,exact factor; source explicit dry basis,SUPPORTED_EXACT,true,UNIQUE,true,HPLC-DAD,Table 1,true,,vg_004,false,dry roasted coffee,true
viencz-caf-R23,viencz_r23,viencz_r23_medium,viencz2023,,viencz2023,viencz2023_tables1_2,lab_uel_benassi,caffeine,2.68,g/100 g,dry roasted coffee,.04,SD,4,TOTAL_ROASTED_CONTENT,DIRECT_ROASTED_MATERIAL_ASSAY,26.8,mg/g dry roasted coffee,0.4,exact_g/100_g,exact factor; source explicit dry basis,SUPPORTED_EXACT,true,UNIQUE,true,HPLC-DAD,Table 1,true,,vg_004,false,dry roasted coffee,true
viencz-caf-R24,viencz_r24,viencz_r24_medium,viencz2023,,viencz2023,viencz2023_tables1_2,lab_uel_benassi,caffeine,2.34,g/100 g,dry roasted coffee,.04,SD,4,TOTAL_ROASTED_CONTENT,DIRECT_ROASTED_MATERIAL_ASSAY,23.4,mg/g dry roasted coffee,0.4,exact_g/100_g,exact factor; source explicit dry basis,SUPPORTED_EXACT,true,UNIQUE,true,HPLC-DAD,Table 1,true,,vg_004,false,dry roasted coffee,true
viencz-caf-R25,viencz_r25,viencz_r25_medium,viencz2023,,viencz2023,viencz2023_tables1_2,lab_uel_benassi,caffeine,2.48,g/100 g,dry roasted coffee,.00,SD,4,TOTAL_ROASTED_CONTENT,DIRECT_ROASTED_MATERIAL_ASSAY,24.8,mg/g dry roasted coffee,0.0,exact_g/100_g,exact factor; source explicit dry basis,SUPPORTED_EXACT,true,UNIQUE,true,HPLC-DAD,Table 1,true,,vg_004,false,dry roasted coffee,true
viencz-caf-R26,viencz_r26,viencz_r26_medium,viencz2023,,viencz2023,viencz2023_tables1_2,lab_uel_benassi,caffeine,2.30,g/100 g,dry roasted coffee,.02,SD,4,TOTAL_ROASTED_CONTENT,DIRECT_ROASTED_MATERIAL_ASSAY,23.0,mg/g dry roasted coffee,0.2,exact_g/100_g,exact factor; source explicit dry basis,SUPPORTED_EXACT,true,UNIQUE,true,HPLC-DAD,Table 1,true,,vg_004,false,dry roasted coffee,true
viencz-caf-R27,viencz_r27,viencz_r27_medium,viencz2023,,viencz2023,viencz2023_tables1_2,lab_uel_benassi,caffeine,2.71,g/100 g,dry roasted coffee,.02,SD,4,TOTAL_ROASTED_CONTENT,DIRECT_ROASTED_MATERIAL_ASSAY,27.1,mg/g dry roasted coffee,0.2,exact_g/100_g,exact factor; source explicit dry basis,SUPPORTED_EXACT,true,UNIQUE,true,HPLC-DAD,Table 1,true,,vg_004,false,dry roasted coffee,true
viencz-caf-R28,viencz_r28,viencz_r28_medium,viencz2023,,viencz2023,viencz2023_tables1_2,lab_uel_benassi,caffeine,2.21,g/100 g,dry roasted coffee,.01,SD,4,TOTAL_ROASTED_CONTENT,DIRECT_ROASTED_MATERIAL_ASSAY,22.1,mg/g dry roasted coffee,0.1,exact_g/100_g,exact factor; source explicit dry basis,SUPPORTED_EXACT,true,UNIQUE,true,HPLC-DAD,Table 1,true,,vg_004,false,dry roasted coffee,true
viencz-caf-R29,viencz_r29,viencz_r29_medium,viencz2023,,viencz2023,viencz2023_tables1_2,lab_uel_benassi,caffeine,2.18,g/100 g,dry roasted coffee,.04,SD,4,TOTAL_ROASTED_CONTENT,DIRECT_ROASTED_MATERIAL_ASSAY,21.8,mg/g dry roasted coffee,0.4,exact_g/100_g,exact factor; source explicit dry basis,SUPPORTED_EXACT,true,UNIQUE,true,HPLC-DAD,Table 1,true,,vg_004,false,dry roasted coffee,true
viencz-caf-R3,viencz_r3,viencz_r3_medium,viencz2023,,viencz2023,viencz2023_tables1_2,lab_uel_benassi,caffeine,2.69,g/100 g,dry roasted coffee,.02,SD,4,TOTAL_ROASTED_CONTENT,DIRECT_ROASTED_MATERIAL_ASSAY,26.9,mg/g dry roasted coffee,0.2,exact_g/100_g,exact factor; source explicit dry basis,SUPPORTED_EXACT,true,UNIQUE,true,HPLC-DAD,Table 1,true,,vg_004,false,dry roasted coffee,true
viencz-caf-R30,viencz_r30,viencz_r30_medium,viencz2023,,viencz2023,viencz2023_tables1_2,lab_uel_benassi,caffeine,2.65,g/100 g,dry roasted coffee,.05,SD,4,TOTAL_ROASTED_CONTENT,DIRECT_ROASTED_MATERIAL_ASSAY,26.5,mg/g dry roasted coffee,0.5,exact_g/100_g,exact factor; source explicit dry basis,SUPPORTED_EXACT,true,UNIQUE,true,HPLC-DAD,Table 1,true,,vg_004,false,dry roasted coffee,true
viencz-caf-R31,viencz_r31,viencz_r31_medium,viencz2023,,viencz2023,viencz2023_tables1_2,lab_uel_benassi,caffeine,2.65,g/100 g,dry roasted coffee,.04,SD,4,TOTAL_ROASTED_CONTENT,DIRECT_ROASTED_MATERIAL_ASSAY,26.5,mg/g dry roasted coffee,0.4,exact_g/100_g,exact factor; source explicit dry basis,SUPPORTED_EXACT,true,UNIQUE,true,HPLC-DAD,Table 1,true,,vg_004,false,dry roasted coffee,true
viencz-caf-R32,viencz_r32,viencz_r32_medium,viencz2023,,viencz2023,viencz2023_tables1_2,lab_uel_benassi,caffeine,1.80,g/100 g,dry roasted coffee,.02,SD,4,TOTAL_ROASTED_CONTENT,DIRECT_ROASTED_MATERIAL_ASSAY,18.0,mg/g dry roasted coffee,0.2,exact_g/100_g,exact factor; source explicit dry basis,SUPPORTED_EXACT,true,UNIQUE,true,HPLC-DAD,Table 1,true,,vg_004,false,dry roasted coffee,true
viencz-caf-R33,viencz_r33,viencz_r33_medium,viencz2023,,viencz2023,viencz2023_tables1_2,lab_uel_benassi,caffeine,2.84,g/100 g,dry roasted coffee,.08,SD,4,TOTAL_ROASTED_CONTENT,DIRECT_ROASTED_MATERIAL_ASSAY,28.4,mg/g dry roasted coffee,0.8,exact_g/100_g,exact factor; source explicit dry basis,SUPPORTED_EXACT,true,UNIQUE,true,HPLC-DAD,Table 1,true,,vg_004,false,dry roasted coffee,true
viencz-caf-R34,viencz_r34,viencz_r34_medium,viencz2023,,viencz2023,viencz2023_tables1_2,lab_uel_benassi,caffeine,1.97,g/100 g,dry roasted coffee,.01,SD,4,TOTAL_ROASTED_CONTENT,DIRECT_ROASTED_MATERIAL_ASSAY,19.7,mg/g dry roasted coffee,0.1,exact_g/100_g,exact factor; source explicit dry basis,SUPPORTED_EXACT,true,UNIQUE,true,HPLC-DAD,Table 1,true,,vg_004,false,dry roasted coffee,true
viencz-caf-R35,viencz_r35,viencz_r35_medium,viencz2023,,viencz2023,viencz2023_tables1_2,lab_uel_benassi,caffeine,2.84,g/100 g,dry roasted coffee,.07,SD,4,TOTAL_ROASTED_CONTENT,DIRECT_ROASTED_MATERIAL_ASSAY,28.4,mg/g dry roasted coffee,0.7000000000000001,exact_g/100_g,exact factor; source explicit dry basis,SUPPORTED_EXACT,true,UNIQUE,true,HPLC-DAD,Table 1,true,,vg_004,false,dry roasted coffee,true
viencz-caf-R36,viencz_r36,viencz_r36_medium,viencz2023,,viencz2023,viencz2023_tables1_2,lab_uel_benassi,caffeine,2.64,g/100 g,dry roasted coffee,.02,SD,4,TOTAL_ROASTED_CONTENT,DIRECT_ROASTED_MATERIAL_ASSAY,26.400000000000002,mg/g dry roasted coffee,0.2,exact_g/100_g,exact factor; source explicit dry basis,SUPPORTED_EXACT,true,UNIQUE,true,HPLC-DAD,Table 1,true,,vg_004,false,dry roasted coffee,true
viencz-caf-R37,viencz_r37,viencz_r37_medium,viencz2023,,viencz2023,viencz2023_tables1_2,lab_uel_benassi,caffeine,2.58,g/100 g,dry roasted coffee,.01,SD,4,TOTAL_ROASTED_CONTENT,DIRECT_ROASTED_MATERIAL_ASSAY,25.8,mg/g dry roasted coffee,0.1,exact_g/100_g,exact factor; source explicit dry basis,SUPPORTED_EXACT,true,UNIQUE,true,HPLC-DAD,Table 1,true,,vg_004,false,dry roasted coffee,true
viencz-caf-R38,viencz_r38,viencz_r38_medium,viencz2023,,viencz2023,viencz2023_tables1_2,lab_uel_benassi,caffeine,1.94,g/100 g,dry roasted coffee,.02,SD,4,TOTAL_ROASTED_CONTENT,DIRECT_ROASTED_MATERIAL_ASSAY,19.4,mg/g dry roasted coffee,0.2,exact_g/100_g,exact factor; source explicit dry basis,SUPPORTED_EXACT,true,UNIQUE,true,HPLC-DAD,Table 1,true,,vg_004,false,dry roasted coffee,true
viencz-caf-R39,viencz_r39,viencz_r39_medium,viencz2023,,viencz2023,viencz2023_tables1_2,lab_uel_benassi,caffeine,2.67,g/100 g,dry roasted coffee,.14,SD,4,TOTAL_ROASTED_CONTENT,DIRECT_ROASTED_MATERIAL_ASSAY,26.7,mg/g dry roasted coffee,1.4000000000000001,exact_g/100_g,exact factor; source explicit dry basis,SUPPORTED_EXACT,true,UNIQUE,true,HPLC-DAD,Table 1,true,,vg_004,false,dry roasted coffee,true
viencz-caf-R4,viencz_r4,viencz_r4_medium,viencz2023,,viencz2023,viencz2023_tables1_2,lab_uel_benassi,caffeine,2.35,g/100 g,dry roasted coffee,.00,SD,4,TOTAL_ROASTED_CONTENT,DIRECT_ROASTED_MATERIAL_ASSAY,23.5,mg/g dry roasted coffee,0.0,exact_g/100_g,exact factor; source explicit dry basis,SUPPORTED_EXACT,true,UNIQUE,true,HPLC-DAD,Table 1,true,,vg_004,false,dry roasted coffee,true
viencz-caf-R40,viencz_r40,viencz_r40_medium,viencz2023,,viencz2023,viencz2023_tables1_2,lab_uel_benassi,caffeine,2.69,g/100 g,dry roasted coffee,.06,SD,4,TOTAL_ROASTED_CONTENT,DIRECT_ROASTED_MATERIAL_ASSAY,26.9,mg/g dry roasted coffee,0.6,exact_g/100_g,exact factor; source explicit dry basis,SUPPORTED_EXACT,true,UNIQUE,true,HPLC-DAD,Table 1,true,,vg_004,false,dry roasted coffee,true
viencz-caf-R41,viencz_r41,viencz_r41_medium,viencz2023,,viencz2023,viencz2023_tables1_2,lab_uel_benassi,caffeine,2.32,g/100 g,dry roasted coffee,.06,SD,4,TOTAL_ROASTED_CONTENT,DIRECT_ROASTED_MATERIAL_ASSAY,23.2,mg/g dry roasted coffee,0.6,exact_g/100_g,exact factor; source explicit dry basis,SUPPORTED_EXACT,true,UNIQUE,true,HPLC-DAD,Table 1,true,,vg_004,false,dry roasted coffee,true
viencz-caf-R42,viencz_r42,viencz_r42_medium,viencz2023,,viencz2023,viencz2023_tables1_2,lab_uel_benassi,caffeine,2.26,g/100 g,dry roasted coffee,.04,SD,4,TOTAL_ROASTED_CONTENT,DIRECT_ROASTED_MATERIAL_ASSAY,22.599999999999998,mg/g dry roasted coffee,0.4,exact_g/100_g,exact factor; source explicit dry basis,SUPPORTED_EXACT,true,UNIQUE,true,HPLC-DAD,Table 1,true,,vg_004,false,dry roasted coffee,true
viencz-caf-R43,viencz_r43,viencz_r43_medium,viencz2023,,viencz2023,viencz2023_tables1_2,lab_uel_benassi,caffeine,2.44,g/100 g,dry roasted coffee,.04,SD,4,TOTAL_ROASTED_CONTENT,DIRECT_ROASTED_MATERIAL_ASSAY,24.4,mg/g dry roasted coffee,0.4,exact_g/100_g,exact factor; source explicit dry basis,SUPPORTED_EXACT,true,UNIQUE,true,HPLC-DAD,Table 1,true,,vg_004,false,dry roasted coffee,true
viencz-caf-R44,viencz_r44,viencz_r44_medium,viencz2023,,viencz2023,viencz2023_tables1_2,lab_uel_benassi,caffeine,3.33,g/100 g,dry roasted coffee,.02,SD,4,TOTAL_ROASTED_CONTENT,DIRECT_ROASTED_MATERIAL_ASSAY,33.3,mg/g dry roasted coffee,0.2,exact_g/100_g,exact factor; source explicit dry basis,SUPPORTED_EXACT,true,UNIQUE,true,HPLC-DAD,Table 1,true,,vg_004,false,dry roasted coffee,true
viencz-caf-R45,viencz_r45,viencz_r45_medium,viencz2023,,viencz2023,viencz2023_tables1_2,lab_uel_benassi,caffeine,1.68,g/100 g,dry roasted coffee,.02,SD,4,TOTAL_ROASTED_CONTENT,DIRECT_ROASTED_MATERIAL_ASSAY,16.8,mg/g dry roasted coffee,0.2,exact_g/100_g,exact factor; source explicit dry basis,SUPPORTED_EXACT,true,UNIQUE,true,HPLC-DAD,Table 1,true,,vg_004,false,dry roasted coffee,true
viencz-caf-R46,viencz_r46,viencz_r46_medium,viencz2023,,viencz2023,viencz2023_tables1_2,lab_uel_benassi,caffeine,3.05,g/100 g,dry roasted coffee,.08,SD,4,TOTAL_ROASTED_CONTENT,DIRECT_ROASTED_MATERIAL_ASSAY,30.5,mg/g dry roasted coffee,0.8,exact_g/100_g,exact factor; source explicit dry basis,SUPPORTED_EXACT,true,UNIQUE,true,HPLC-DAD,Table 1,true,,vg_004,false,dry roasted coffee,true
viencz-caf-R47,viencz_r47,viencz_r47_medium,viencz2023,,viencz2023,viencz2023_tables1_2,lab_uel_benassi,caffeine,2.73,g/100 g,dry roasted coffee,.06,SD,4,TOTAL_ROASTED_CONTENT,DIRECT_ROASTED_MATERIAL_ASSAY,27.3,mg/g dry roasted coffee,0.6,exact_g/100_g,exact factor; source explicit dry basis,SUPPORTED_EXACT,true,UNIQUE,true,HPLC-DAD,Table 1,true,,vg_004,false,dry roasted coffee,true
viencz-caf-R48,viencz_r48,viencz_r48_medium,viencz2023,,viencz2023,viencz2023_tables1_2,lab_uel_benassi,caffeine,2.33,g/100 g,dry roasted coffee,.03,SD,4,TOTAL_ROASTED_CONTENT,DIRECT_ROASTED_MATERIAL_ASSAY,23.3,mg/g dry roasted coffee,0.3,exact_g/100_g,exact factor; source explicit dry basis,SUPPORTED_EXACT,true,UNIQUE,true,HPLC-DAD,Table 1,true,,vg_004,false,dry roasted coffee,true
viencz-caf-R49,viencz_r49,viencz_r49_medium,viencz2023,,viencz2023,viencz2023_tables1_2,lab_uel_benassi,caffeine,2.20,g/100 g,dry roasted coffee,.02,SD,4,TOTAL_ROASTED_CONTENT,DIRECT_ROASTED_MATERIAL_ASSAY,22.0,mg/g dry roasted coffee,0.2,exact_g/100_g,exact factor; source explicit dry basis,SUPPORTED_EXACT,true,UNIQUE,true,HPLC-DAD,Table 1,true,,vg_004,false,dry roasted coffee,true
viencz-caf-R5,viencz_r5,viencz_r5_medium,viencz2023,,viencz2023,viencz2023_tables1_2,lab_uel_benassi,caffeine,2.12,g/100 g,dry roasted coffee,.03,SD,4,TOTAL_ROASTED_CONTENT,DIRECT_ROASTED_MATERIAL_ASSAY,21.200000000000003,mg/g dry roasted coffee,0.3,exact_g/100_g,exact factor; source explicit dry basis,SUPPORTED_EXACT,true,UNIQUE,true,HPLC-DAD,Table 1,true,,vg_004,false,dry roasted coffee,true
viencz-caf-R50,viencz_r50,viencz_r50_medium,viencz2023,,viencz2023,viencz2023_tables1_2,lab_uel_benassi,caffeine,2.40,g/100 g,dry roasted coffee,.00,SD,4,TOTAL_ROASTED_CONTENT,DIRECT_ROASTED_MATERIAL_ASSAY,24.0,mg/g dry roasted coffee,0.0,exact_g/100_g,exact factor; source explicit dry basis,SUPPORTED_EXACT,true,UNIQUE,true,HPLC-DAD,Table 1,true,,vg_004,false,dry roasted coffee,true
viencz-caf-R51,viencz_r51,viencz_r51_medium,viencz2023,,viencz2023,viencz2023_tables1_2,lab_uel_benassi,caffeine,2.44,g/100 g,dry roasted coffee,.09,SD,4,TOTAL_ROASTED_CONTENT,DIRECT_ROASTED_MATERIAL_ASSAY,24.4,mg/g dry roasted coffee,0.8999999999999999,exact_g/100_g,exact factor; source explicit dry basis,SUPPORTED_EXACT,true,UNIQUE,true,HPLC-DAD,Table 1,true,,vg_004,false,dry roasted coffee,true
viencz-caf-R52,viencz_r52,viencz_r52_medium,viencz2023,,viencz2023,viencz2023_tables1_2,lab_uel_benassi,caffeine,1.92,g/100 g,dry roasted coffee,.07,SD,4,TOTAL_ROASTED_CONTENT,DIRECT_ROASTED_MATERIAL_ASSAY,19.2,mg/g dry roasted coffee,0.7000000000000001,exact_g/100_g,exact factor; source explicit dry basis,SUPPORTED_EXACT,true,UNIQUE,true,HPLC-DAD,Table 1,true,,vg_004,false,dry roasted coffee,true
viencz-caf-R53,viencz_r53,viencz_r53_medium,viencz2023,,viencz2023,viencz2023_tables1_2,lab_uel_benassi,caffeine,2.61,g/100 g,dry roasted coffee,.08,SD,4,TOTAL_ROASTED_CONTENT,DIRECT_ROASTED_MATERIAL_ASSAY,26.099999999999998,mg/g dry roasted coffee,0.8,exact_g/100_g,exact factor; source explicit dry basis,SUPPORTED_EXACT,true,UNIQUE,true,HPLC-DAD,Table 1,true,,vg_004,false,dry roasted coffee,true
viencz-caf-R54,viencz_r54,viencz_r54_medium,viencz2023,,viencz2023,viencz2023_tables1_2,lab_uel_benassi,caffeine,2.34,g/100 g,dry roasted coffee,.02,SD,4,TOTAL_ROASTED_CONTENT,DIRECT_ROASTED_MATERIAL_ASSAY,23.4,mg/g dry roasted coffee,0.2,exact_g/100_g,exact factor; source explicit dry basis,SUPPORTED_EXACT,true,UNIQUE,true,HPLC-DAD,Table 1,true,,vg_004,false,dry roasted coffee,true
viencz-caf-R55,viencz_r55,viencz_r55_medium,viencz2023,,viencz2023,viencz2023_tables1_2,lab_uel_benassi,caffeine,2.60,g/100 g,dry roasted coffee,.04,SD,4,TOTAL_ROASTED_CONTENT,DIRECT_ROASTED_MATERIAL_ASSAY,26.0,mg/g dry roasted coffee,0.4,exact_g/100_g,exact factor; source explicit dry basis,SUPPORTED_EXACT,true,UNIQUE,true,HPLC-DAD,Table 1,true,,vg_004,false,dry roasted coffee,true
viencz-caf-R56,viencz_r56,viencz_r56_medium,viencz2023,,viencz2023,viencz2023_tables1_2,lab_uel_benassi,caffeine,2.35,g/100 g,dry roasted coffee,.05,SD,4,TOTAL_ROASTED_CONTENT,DIRECT_ROASTED_MATERIAL_ASSAY,23.5,mg/g dry roasted coffee,0.5,exact_g/100_g,exact factor; source explicit dry basis,SUPPORTED_EXACT,true,UNIQUE,true,HPLC-DAD,Table 1,true,,vg_004,false,dry roasted coffee,true
viencz-caf-R57,viencz_r57,viencz_r57_medium,viencz2023,,viencz2023,viencz2023_tables1_2,lab_uel_benassi,caffeine,2.46,g/100 g,dry roasted coffee,.00,SD,4,TOTAL_ROASTED_CONTENT,DIRECT_ROASTED_MATERIAL_ASSAY,24.6,mg/g dry roasted coffee,0.0,exact_g/100_g,exact factor; source explicit dry basis,SUPPORTED_EXACT,true,UNIQUE,true,HPLC-DAD,Table 1,true,,vg_004,false,dry roasted coffee,true
viencz-caf-R6,viencz_r6,viencz_r6_medium,viencz2023,,viencz2023,viencz2023_tables1_2,lab_uel_benassi,caffeine,2.15,g/100 g,dry roasted coffee,.02,SD,4,TOTAL_ROASTED_CONTENT,DIRECT_ROASTED_MATERIAL_ASSAY,21.5,mg/g dry roasted coffee,0.2,exact_g/100_g,exact factor; source explicit dry basis,SUPPORTED_EXACT,true,UNIQUE,true,HPLC-DAD,Table 1,true,,vg_004,false,dry roasted coffee,true
viencz-caf-R7,viencz_r7,viencz_r7_medium,viencz2023,,viencz2023,viencz2023_tables1_2,lab_uel_benassi,caffeine,2.26,g/100 g,dry roasted coffee,.06,SD,4,TOTAL_ROASTED_CONTENT,DIRECT_ROASTED_MATERIAL_ASSAY,22.599999999999998,mg/g dry roasted coffee,0.6,exact_g/100_g,exact factor; source explicit dry basis,SUPPORTED_EXACT,true,UNIQUE,true,HPLC-DAD,Table 1,true,,vg_004,false,dry roasted coffee,true
viencz-caf-R8,viencz_r8,viencz_r8_medium,viencz2023,,viencz2023,viencz2023_tables1_2,lab_uel_benassi,caffeine,1.63,g/100 g,dry roasted coffee,.03,SD,4,TOTAL_ROASTED_CONTENT,DIRECT_ROASTED_MATERIAL_ASSAY,16.299999999999997,mg/g dry roasted coffee,0.3,exact_g/100_g,exact factor; source explicit dry basis,SUPPORTED_EXACT,true,UNIQUE,true,HPLC-DAD,Table 1,true,,vg_004,false,dry roasted coffee,true
viencz-caf-R9,viencz_r9,viencz_r9_medium,viencz2023,,viencz2023,viencz2023_tables1_2,lab_uel_benassi,caffeine,2.18,g/100 g,dry roasted coffee,.01,SD,4,TOTAL_ROASTED_CONTENT,DIRECT_ROASTED_MATERIAL_ASSAY,21.8,mg/g dry roasted coffee,0.1,exact_g/100_g,exact factor; source explicit dry basis,SUPPORTED_EXACT,true,UNIQUE,true,HPLC-DAD,Table 1,true,,vg_004,false,dry roasted coffee,true
viencz-tri-BRS1216,viencz_brs1216,viencz_brs1216_medium,viencz2023,,viencz2023,viencz2023_tables1_2,lab_uel_benassi,trigonelline,0.65,g/100 g,dry roasted coffee,0.01,SD,4,TOTAL_ROASTED_CONTENT,DIRECT_ROASTED_MATERIAL_ASSAY,6.5,mg/g dry roasted coffee,0.1,exact_g/100_g,exact factor; source explicit dry basis,SUPPORTED_EXACT,true,UNIQUE,true,HPLC-DAD,Table 2,true,,vg_004,false,dry roasted coffee,true
viencz-tri-BRS2299,viencz_brs2299,viencz_brs2299_medium,viencz2023,,viencz2023,viencz2023_tables1_2,lab_uel_benassi,trigonelline,0.74,g/100 g,dry roasted coffee,0.01,SD,4,TOTAL_ROASTED_CONTENT,DIRECT_ROASTED_MATERIAL_ASSAY,7.4,mg/g dry roasted coffee,0.1,exact_g/100_g,exact factor; source explicit dry basis,SUPPORTED_EXACT,true,UNIQUE,true,HPLC-DAD,Table 2,true,,vg_004,false,dry roasted coffee,true
viencz-tri-BRS2314,viencz_brs2314,viencz_brs2314_medium,viencz2023,,viencz2023,viencz2023_tables1_2,lab_uel_benassi,trigonelline,0.71,g/100 g,dry roasted coffee,0.0,SD,4,TOTAL_ROASTED_CONTENT,DIRECT_ROASTED_MATERIAL_ASSAY,7.1,mg/g dry roasted coffee,0.0,exact_g/100_g,exact factor; source explicit dry basis,SUPPORTED_EXACT,true,UNIQUE,true,HPLC-DAD,Table 2,true,,vg_004,false,dry roasted coffee,true
viencz-tri-BRS2336,viencz_brs2336,viencz_brs2336_medium,viencz2023,,viencz2023,viencz2023_tables1_2,lab_uel_benassi,trigonelline,0.81,g/100 g,dry roasted coffee,0.02,SD,4,TOTAL_ROASTED_CONTENT,DIRECT_ROASTED_MATERIAL_ASSAY,8.100000000000001,mg/g dry roasted coffee,0.2,exact_g/100_g,exact factor; source explicit dry basis,SUPPORTED_EXACT,true,UNIQUE,true,HPLC-DAD,Table 2,true,,vg_004,false,dry roasted coffee,true
viencz-tri-BRS2357,viencz_brs2357,viencz_brs2357_medium,viencz2023,,viencz2023,viencz2023_tables1_2,lab_uel_benassi,trigonelline,0.6,g/100 g,dry roasted coffee,0.01,SD,4,TOTAL_ROASTED_CONTENT,DIRECT_ROASTED_MATERIAL_ASSAY,6.0,mg/g dry roasted coffee,0.1,exact_g/100_g,exact factor; source explicit dry basis,SUPPORTED_EXACT,true,UNIQUE,true,HPLC-DAD,Table 2,true,,vg_004,false,dry roasted coffee,true
viencz-tri-BRS3137,viencz_brs3137,viencz_brs3137_medium,viencz2023,,viencz2023,viencz2023_tables1_2,lab_uel_benassi,trigonelline,0.82,g/100 g,dry roasted coffee,0.04,SD,4,TOTAL_ROASTED_CONTENT,DIRECT_ROASTED_MATERIAL_ASSAY,8.2,mg/g dry roasted coffee,0.4,exact_g/100_g,exact factor; source explicit dry basis,SUPPORTED_EXACT,true,UNIQUE,true,HPLC-DAD,Table 2,true,,vg_004,false,dry roasted coffee,true
viencz-tri-BRS3193,viencz_brs3193,viencz_brs3193_medium,viencz2023,,viencz2023,viencz2023_tables1_2,lab_uel_benassi,trigonelline,0.85,g/100 g,dry roasted coffee,0.0,SD,4,TOTAL_ROASTED_CONTENT,DIRECT_ROASTED_MATERIAL_ASSAY,8.5,mg/g dry roasted coffee,0.0,exact_g/100_g,exact factor; source explicit dry basis,SUPPORTED_EXACT,true,UNIQUE,true,HPLC-DAD,Table 2,true,,vg_004,false,dry roasted coffee,true
viencz-tri-BRS3210,viencz_brs3210,viencz_brs3210_medium,viencz2023,,viencz2023,viencz2023_tables1_2,lab_uel_benassi,trigonelline,0.84,g/100 g,dry roasted coffee,0.0,SD,4,TOTAL_ROASTED_CONTENT,DIRECT_ROASTED_MATERIAL_ASSAY,8.4,mg/g dry roasted coffee,0.0,exact_g/100_g,exact factor; source explicit dry basis,SUPPORTED_EXACT,true,UNIQUE,true,HPLC-DAD,Table 2,true,,vg_004,false,dry roasted coffee,true
viencz-tri-BRS3213,viencz_brs3213,viencz_brs3213_medium,viencz2023,,viencz2023,viencz2023_tables1_2,lab_uel_benassi,trigonelline,0.72,g/100 g,dry roasted coffee,0.0,SD,4,TOTAL_ROASTED_CONTENT,DIRECT_ROASTED_MATERIAL_ASSAY,7.199999999999999,mg/g dry roasted coffee,0.0,exact_g/100_g,exact factor; source explicit dry basis,SUPPORTED_EXACT,true,UNIQUE,true,HPLC-DAD,Table 2,true,,vg_004,false,dry roasted coffee,true
viencz-tri-BRS3220,viencz_brs3220,viencz_brs3220_medium,viencz2023,,viencz2023,viencz2023_tables1_2,lab_uel_benassi,trigonelline,0.85,g/100 g,dry roasted coffee,0.02,SD,4,TOTAL_ROASTED_CONTENT,DIRECT_ROASTED_MATERIAL_ASSAY,8.5,mg/g dry roasted coffee,0.2,exact_g/100_g,exact factor; source explicit dry basis,SUPPORTED_EXACT,true,UNIQUE,true,HPLC-DAD,Table 2,true,,vg_004,false,dry roasted coffee,true
viencz-tri-R1,viencz_r1,viencz_r1_medium,viencz2023,,viencz2023,viencz2023_tables1_2,lab_uel_benassi,trigonelline,.97,g/100 g,dry roasted coffee,.04,SD,4,TOTAL_ROASTED_CONTENT,DIRECT_ROASTED_MATERIAL_ASSAY,9.7,mg/g dry roasted coffee,0.4,exact_g/100_g,exact factor; source explicit dry basis,SUPPORTED_EXACT,true,UNIQUE,true,HPLC-DAD,Table 1,true,,vg_004,false,dry roasted coffee,true
viencz-tri-R10,viencz_r10,viencz_r10_medium,viencz2023,,viencz2023,viencz2023_tables1_2,lab_uel_benassi,trigonelline,.92,g/100 g,dry roasted coffee,.00,SD,4,TOTAL_ROASTED_CONTENT,DIRECT_ROASTED_MATERIAL_ASSAY,9.200000000000001,mg/g dry roasted coffee,0.0,exact_g/100_g,exact factor; source explicit dry basis,SUPPORTED_EXACT,true,UNIQUE,true,HPLC-DAD,Table 1,true,,vg_004,false,dry roasted coffee,true
viencz-tri-R11,viencz_r11,viencz_r11_medium,viencz2023,,viencz2023,viencz2023_tables1_2,lab_uel_benassi,trigonelline,.97,g/100 g,dry roasted coffee,.00,SD,4,TOTAL_ROASTED_CONTENT,DIRECT_ROASTED_MATERIAL_ASSAY,9.7,mg/g dry roasted coffee,0.0,exact_g/100_g,exact factor; source explicit dry basis,SUPPORTED_EXACT,true,UNIQUE,true,HPLC-DAD,Table 1,true,,vg_004,false,dry roasted coffee,true
viencz-tri-R12,viencz_r12,viencz_r12_medium,viencz2023,,viencz2023,viencz2023_tables1_2,lab_uel_benassi,trigonelline,.98,g/100 g,dry roasted coffee,.02,SD,4,TOTAL_ROASTED_CONTENT,DIRECT_ROASTED_MATERIAL_ASSAY,9.8,mg/g dry roasted coffee,0.2,exact_g/100_g,exact factor; source explicit dry basis,SUPPORTED_EXACT,true,UNIQUE,true,HPLC-DAD,Table 1,true,,vg_004,false,dry roasted coffee,true
viencz-tri-R13,viencz_r13,viencz_r13_medium,viencz2023,,viencz2023,viencz2023_tables1_2,lab_uel_benassi,trigonelline,.94,g/100 g,dry roasted coffee,.01,SD,4,TOTAL_ROASTED_CONTENT,DIRECT_ROASTED_MATERIAL_ASSAY,9.399999999999999,mg/g dry roasted coffee,0.1,exact_g/100_g,exact factor; source explicit dry basis,SUPPORTED_EXACT,true,UNIQUE,true,HPLC-DAD,Table 1,true,,vg_004,false,dry roasted coffee,true
viencz-tri-R14,viencz_r14,viencz_r14_medium,viencz2023,,viencz2023,viencz2023_tables1_2,lab_uel_benassi,trigonelline,1.05,g/100 g,dry roasted coffee,.01,SD,4,TOTAL_ROASTED_CONTENT,DIRECT_ROASTED_MATERIAL_ASSAY,10.5,mg/g dry roasted coffee,0.1,exact_g/100_g,exact factor; source explicit dry basis,SUPPORTED_EXACT,true,UNIQUE,true,HPLC-DAD,Table 1,true,,vg_004,false,dry roasted coffee,true
viencz-tri-R15,viencz_r15,viencz_r15_medium,viencz2023,,viencz2023,viencz2023_tables1_2,lab_uel_benassi,trigonelline,.97,g/100 g,dry roasted coffee,.01,SD,4,TOTAL_ROASTED_CONTENT,DIRECT_ROASTED_MATERIAL_ASSAY,9.7,mg/g dry roasted coffee,0.1,exact_g/100_g,exact factor; source explicit dry basis,SUPPORTED_EXACT,true,UNIQUE,true,HPLC-DAD,Table 1,true,,vg_004,false,dry roasted coffee,true
viencz-tri-R16,viencz_r16,viencz_r16_medium,viencz2023,,viencz2023,viencz2023_tables1_2,lab_uel_benassi,trigonelline,.85,g/100 g,dry roasted coffee,.03,SD,4,TOTAL_ROASTED_CONTENT,DIRECT_ROASTED_MATERIAL_ASSAY,8.5,mg/g dry roasted coffee,0.3,exact_g/100_g,exact factor; source explicit dry basis,SUPPORTED_EXACT,true,UNIQUE,true,HPLC-DAD,Table 1,true,,vg_004,false,dry roasted coffee,true
viencz-tri-R17,viencz_r17,viencz_r17_medium,viencz2023,,viencz2023,viencz2023_tables1_2,lab_uel_benassi,trigonelline,.96,g/100 g,dry roasted coffee,.00,SD,4,TOTAL_ROASTED_CONTENT,DIRECT_ROASTED_MATERIAL_ASSAY,9.6,mg/g dry roasted coffee,0.0,exact_g/100_g,exact factor; source explicit dry basis,SUPPORTED_EXACT,true,UNIQUE,true,HPLC-DAD,Table 1,true,,vg_004,false,dry roasted coffee,true
viencz-tri-R18,viencz_r18,viencz_r18_medium,viencz2023,,viencz2023,viencz2023_tables1_2,lab_uel_benassi,trigonelline,.96,g/100 g,dry roasted coffee,.03,SD,4,TOTAL_ROASTED_CONTENT,DIRECT_ROASTED_MATERIAL_ASSAY,9.6,mg/g dry roasted coffee,0.3,exact_g/100_g,exact factor; source explicit dry basis,SUPPORTED_EXACT,true,UNIQUE,true,HPLC-DAD,Table 1,true,,vg_004,false,dry roasted coffee,true
viencz-tri-R19,viencz_r19,viencz_r19_medium,viencz2023,,viencz2023,viencz2023_tables1_2,lab_uel_benassi,trigonelline,1.02,g/100 g,dry roasted coffee,.02,SD,4,TOTAL_ROASTED_CONTENT,DIRECT_ROASTED_MATERIAL_ASSAY,10.2,mg/g dry roasted coffee,0.2,exact_g/100_g,exact factor; source explicit dry basis,SUPPORTED_EXACT,true,UNIQUE,true,HPLC-DAD,Table 1,true,,vg_004,false,dry roasted coffee,true
viencz-tri-R2,viencz_r2,viencz_r2_medium,viencz2023,,viencz2023,viencz2023_tables1_2,lab_uel_benassi,trigonelline,1.06,g/100 g,dry roasted coffee,.01,SD,4,TOTAL_ROASTED_CONTENT,DIRECT_ROASTED_MATERIAL_ASSAY,10.600000000000001,mg/g dry roasted coffee,0.1,exact_g/100_g,exact factor; source explicit dry basis,SUPPORTED_EXACT,true,UNIQUE,true,HPLC-DAD,Table 1,true,,vg_004,false,dry roasted coffee,true
viencz-tri-R20,viencz_r20,viencz_r20_medium,viencz2023,,viencz2023,viencz2023_tables1_2,lab_uel_benassi,trigonelline,.96,g/100 g,dry roasted coffee,.01,SD,4,TOTAL_ROASTED_CONTENT,DIRECT_ROASTED_MATERIAL_ASSAY,9.6,mg/g dry roasted coffee,0.1,exact_g/100_g,exact factor; source explicit dry basis,SUPPORTED_EXACT,true,UNIQUE,true,HPLC-DAD,Table 1,true,,vg_004,false,dry roasted coffee,true
viencz-tri-R21,viencz_r21,viencz_r21_medium,viencz2023,,viencz2023,viencz2023_tables1_2,lab_uel_benassi,trigonelline,.92,g/100 g,dry roasted coffee,.01,SD,4,TOTAL_ROASTED_CONTENT,DIRECT_ROASTED_MATERIAL_ASSAY,9.200000000000001,mg/g dry roasted coffee,0.1,exact_g/100_g,exact factor; source explicit dry basis,SUPPORTED_EXACT,true,UNIQUE,true,HPLC-DAD,Table 1,true,,vg_004,false,dry roasted coffee,true
viencz-tri-R22,viencz_r22,viencz_r22_medium,viencz2023,,viencz2023,viencz2023_tables1_2,lab_uel_benassi,trigonelline,.89,g/100 g,dry roasted coffee,.02,SD,4,TOTAL_ROASTED_CONTENT,DIRECT_ROASTED_MATERIAL_ASSAY,8.9,mg/g dry roasted coffee,0.2,exact_g/100_g,exact factor; source explicit dry basis,SUPPORTED_EXACT,true,UNIQUE,true,HPLC-DAD,Table 1,true,,vg_004,false,dry roasted coffee,true
viencz-tri-R23,viencz_r23,viencz_r23_medium,viencz2023,,viencz2023,viencz2023_tables1_2,lab_uel_benassi,trigonelline,.98,g/100 g,dry roasted coffee,.02,SD,4,TOTAL_ROASTED_CONTENT,DIRECT_ROASTED_MATERIAL_ASSAY,9.8,mg/g dry roasted coffee,0.2,exact_g/100_g,exact factor; source explicit dry basis,SUPPORTED_EXACT,true,UNIQUE,true,HPLC-DAD,Table 1,true,,vg_004,false,dry roasted coffee,true
viencz-tri-R24,viencz_r24,viencz_r24_medium,viencz2023,,viencz2023,viencz2023_tables1_2,lab_uel_benassi,trigonelline,.78,g/100 g,dry roasted coffee,.03,SD,4,TOTAL_ROASTED_CONTENT,DIRECT_ROASTED_MATERIAL_ASSAY,7.800000000000001,mg/g dry roasted coffee,0.3,exact_g/100_g,exact factor; source explicit dry basis,SUPPORTED_EXACT,true,UNIQUE,true,HPLC-DAD,Table 1,true,,vg_004,false,dry roasted coffee,true
viencz-tri-R25,viencz_r25,viencz_r25_medium,viencz2023,,viencz2023,viencz2023_tables1_2,lab_uel_benassi,trigonelline,.93,g/100 g,dry roasted coffee,.01,SD,4,TOTAL_ROASTED_CONTENT,DIRECT_ROASTED_MATERIAL_ASSAY,9.3,mg/g dry roasted coffee,0.1,exact_g/100_g,exact factor; source explicit dry basis,SUPPORTED_EXACT,true,UNIQUE,true,HPLC-DAD,Table 1,true,,vg_004,false,dry roasted coffee,true
viencz-tri-R26,viencz_r26,viencz_r26_medium,viencz2023,,viencz2023,viencz2023_tables1_2,lab_uel_benassi,trigonelline,1.02,g/100 g,dry roasted coffee,.00,SD,4,TOTAL_ROASTED_CONTENT,DIRECT_ROASTED_MATERIAL_ASSAY,10.2,mg/g dry roasted coffee,0.0,exact_g/100_g,exact factor; source explicit dry basis,SUPPORTED_EXACT,true,UNIQUE,true,HPLC-DAD,Table 1,true,,vg_004,false,dry roasted coffee,true
viencz-tri-R27,viencz_r27,viencz_r27_medium,viencz2023,,viencz2023,viencz2023_tables1_2,lab_uel_benassi,trigonelline,1.00,g/100 g,dry roasted coffee,.03,SD,4,TOTAL_ROASTED_CONTENT,DIRECT_ROASTED_MATERIAL_ASSAY,10.0,mg/g dry roasted coffee,0.3,exact_g/100_g,exact factor; source explicit dry basis,SUPPORTED_EXACT,true,UNIQUE,true,HPLC-DAD,Table 1,true,,vg_004,false,dry roasted coffee,true
viencz-tri-R28,viencz_r28,viencz_r28_medium,viencz2023,,viencz2023,viencz2023_tables1_2,lab_uel_benassi,trigonelline,1.01,g/100 g,dry roasted coffee,.01,SD,4,TOTAL_ROASTED_CONTENT,DIRECT_ROASTED_MATERIAL_ASSAY,10.1,mg/g dry roasted coffee,0.1,exact_g/100_g,exact factor; source explicit dry basis,SUPPORTED_EXACT,true,UNIQUE,true,HPLC-DAD,Table 1,true,,vg_004,false,dry roasted coffee,true
viencz-tri-R29,viencz_r29,viencz_r29_medium,viencz2023,,viencz2023,viencz2023_tables1_2,lab_uel_benassi,trigonelline,.86,g/100 g,dry roasted coffee,.01,SD,4,TOTAL_ROASTED_CONTENT,DIRECT_ROASTED_MATERIAL_ASSAY,8.6,mg/g dry roasted coffee,0.1,exact_g/100_g,exact factor; source explicit dry basis,SUPPORTED_EXACT,true,UNIQUE,true,HPLC-DAD,Table 1,true,,vg_004,false,dry roasted coffee,true
viencz-tri-R3,viencz_r3,viencz_r3_medium,viencz2023,,viencz2023,viencz2023_tables1_2,lab_uel_benassi,trigonelline,1.06,g/100 g,dry roasted coffee,.01,SD,4,TOTAL_ROASTED_CONTENT,DIRECT_ROASTED_MATERIAL_ASSAY,10.600000000000001,mg/g dry roasted coffee,0.1,exact_g/100_g,exact factor; source explicit dry basis,SUPPORTED_EXACT,true,UNIQUE,true,HPLC-DAD,Table 1,true,,vg_004,false,dry roasted coffee,true
viencz-tri-R30,viencz_r30,viencz_r30_medium,viencz2023,,viencz2023,viencz2023_tables1_2,lab_uel_benassi,trigonelline,.93,g/100 g,dry roasted coffee,.02,SD,4,TOTAL_ROASTED_CONTENT,DIRECT_ROASTED_MATERIAL_ASSAY,9.3,mg/g dry roasted coffee,0.2,exact_g/100_g,exact factor; source explicit dry basis,SUPPORTED_EXACT,true,UNIQUE,true,HPLC-DAD,Table 1,true,,vg_004,false,dry roasted coffee,true
viencz-tri-R31,viencz_r31,viencz_r31_medium,viencz2023,,viencz2023,viencz2023_tables1_2,lab_uel_benassi,trigonelline,.94,g/100 g,dry roasted coffee,.02,SD,4,TOTAL_ROASTED_CONTENT,DIRECT_ROASTED_MATERIAL_ASSAY,9.399999999999999,mg/g dry roasted coffee,0.2,exact_g/100_g,exact factor; source explicit dry basis,SUPPORTED_EXACT,true,UNIQUE,true,HPLC-DAD,Table 1,true,,vg_004,false,dry roasted coffee,true
viencz-tri-R32,viencz_r32,viencz_r32_medium,viencz2023,,viencz2023,viencz2023_tables1_2,lab_uel_benassi,trigonelline,.84,g/100 g,dry roasted coffee,.00,SD,4,TOTAL_ROASTED_CONTENT,DIRECT_ROASTED_MATERIAL_ASSAY,8.4,mg/g dry roasted coffee,0.0,exact_g/100_g,exact factor; source explicit dry basis,SUPPORTED_EXACT,true,UNIQUE,true,HPLC-DAD,Table 1,true,,vg_004,false,dry roasted coffee,true
viencz-tri-R33,viencz_r33,viencz_r33_medium,viencz2023,,viencz2023,viencz2023_tables1_2,lab_uel_benassi,trigonelline,1.05,g/100 g,dry roasted coffee,.16,SD,4,TOTAL_ROASTED_CONTENT,DIRECT_ROASTED_MATERIAL_ASSAY,10.5,mg/g dry roasted coffee,1.6,exact_g/100_g,exact factor; source explicit dry basis,SUPPORTED_EXACT,true,UNIQUE,true,HPLC-DAD,Table 1,true,,vg_004,false,dry roasted coffee,true
viencz-tri-R34,viencz_r34,viencz_r34_medium,viencz2023,,viencz2023,viencz2023_tables1_2,lab_uel_benassi,trigonelline,1.02,g/100 g,dry roasted coffee,.04,SD,4,TOTAL_ROASTED_CONTENT,DIRECT_ROASTED_MATERIAL_ASSAY,10.2,mg/g dry roasted coffee,0.4,exact_g/100_g,exact factor; source explicit dry basis,SUPPORTED_EXACT,true,UNIQUE,true,HPLC-DAD,Table 1,true,,vg_004,false,dry roasted coffee,true
viencz-tri-R35,viencz_r35,viencz_r35_medium,viencz2023,,viencz2023,viencz2023_tables1_2,lab_uel_benassi,trigonelline,.96,g/100 g,dry roasted coffee,.03,SD,4,TOTAL_ROASTED_CONTENT,DIRECT_ROASTED_MATERIAL_ASSAY,9.6,mg/g dry roasted coffee,0.3,exact_g/100_g,exact factor; source explicit dry basis,SUPPORTED_EXACT,true,UNIQUE,true,HPLC-DAD,Table 1,true,,vg_004,false,dry roasted coffee,true
viencz-tri-R36,viencz_r36,viencz_r36_medium,viencz2023,,viencz2023,viencz2023_tables1_2,lab_uel_benassi,trigonelline,.94,g/100 g,dry roasted coffee,.01,SD,4,TOTAL_ROASTED_CONTENT,DIRECT_ROASTED_MATERIAL_ASSAY,9.399999999999999,mg/g dry roasted coffee,0.1,exact_g/100_g,exact factor; source explicit dry basis,SUPPORTED_EXACT,true,UNIQUE,true,HPLC-DAD,Table 1,true,,vg_004,false,dry roasted coffee,true
viencz-tri-R37,viencz_r37,viencz_r37_medium,viencz2023,,viencz2023,viencz2023_tables1_2,lab_uel_benassi,trigonelline,.74,g/100 g,dry roasted coffee,.01,SD,4,TOTAL_ROASTED_CONTENT,DIRECT_ROASTED_MATERIAL_ASSAY,7.4,mg/g dry roasted coffee,0.1,exact_g/100_g,exact factor; source explicit dry basis,SUPPORTED_EXACT,true,UNIQUE,true,HPLC-DAD,Table 1,true,,vg_004,false,dry roasted coffee,true
viencz-tri-R38,viencz_r38,viencz_r38_medium,viencz2023,,viencz2023,viencz2023_tables1_2,lab_uel_benassi,trigonelline,.78,g/100 g,dry roasted coffee,.02,SD,4,TOTAL_ROASTED_CONTENT,DIRECT_ROASTED_MATERIAL_ASSAY,7.800000000000001,mg/g dry roasted coffee,0.2,exact_g/100_g,exact factor; source explicit dry basis,SUPPORTED_EXACT,true,UNIQUE,true,HPLC-DAD,Table 1,true,,vg_004,false,dry roasted coffee,true
viencz-tri-R39,viencz_r39,viencz_r39_medium,viencz2023,,viencz2023,viencz2023_tables1_2,lab_uel_benassi,trigonelline,.85,g/100 g,dry roasted coffee,.04,SD,4,TOTAL_ROASTED_CONTENT,DIRECT_ROASTED_MATERIAL_ASSAY,8.5,mg/g dry roasted coffee,0.4,exact_g/100_g,exact factor; source explicit dry basis,SUPPORTED_EXACT,true,UNIQUE,true,HPLC-DAD,Table 1,true,,vg_004,false,dry roasted coffee,true
viencz-tri-R4,viencz_r4,viencz_r4_medium,viencz2023,,viencz2023,viencz2023_tables1_2,lab_uel_benassi,trigonelline,.97,g/100 g,dry roasted coffee,.01,SD,4,TOTAL_ROASTED_CONTENT,DIRECT_ROASTED_MATERIAL_ASSAY,9.7,mg/g dry roasted coffee,0.1,exact_g/100_g,exact factor; source explicit dry basis,SUPPORTED_EXACT,true,UNIQUE,true,HPLC-DAD,Table 1,true,,vg_004,false,dry roasted coffee,true
viencz-tri-R40,viencz_r40,viencz_r40_medium,viencz2023,,viencz2023,viencz2023_tables1_2,lab_uel_benassi,trigonelline,.89,g/100 g,dry roasted coffee,.05,SD,4,TOTAL_ROASTED_CONTENT,DIRECT_ROASTED_MATERIAL_ASSAY,8.9,mg/g dry roasted coffee,0.5,exact_g/100_g,exact factor; source explicit dry basis,SUPPORTED_EXACT,true,UNIQUE,true,HPLC-DAD,Table 1,true,,vg_004,false,dry roasted coffee,true
viencz-tri-R41,viencz_r41,viencz_r41_medium,viencz2023,,viencz2023,viencz2023_tables1_2,lab_uel_benassi,trigonelline,.99,g/100 g,dry roasted coffee,.02,SD,4,TOTAL_ROASTED_CONTENT,DIRECT_ROASTED_MATERIAL_ASSAY,9.9,mg/g dry roasted coffee,0.2,exact_g/100_g,exact factor; source explicit dry basis,SUPPORTED_EXACT,true,UNIQUE,true,HPLC-DAD,Table 1,true,,vg_004,false,dry roasted coffee,true
viencz-tri-R42,viencz_r42,viencz_r42_medium,viencz2023,,viencz2023,viencz2023_tables1_2,lab_uel_benassi,trigonelline,1.01,g/100 g,dry roasted coffee,.04,SD,4,TOTAL_ROASTED_CONTENT,DIRECT_ROASTED_MATERIAL_ASSAY,10.1,mg/g dry roasted coffee,0.4,exact_g/100_g,exact factor; source explicit dry basis,SUPPORTED_EXACT,true,UNIQUE,true,HPLC-DAD,Table 1,true,,vg_004,false,dry roasted coffee,true
viencz-tri-R43,viencz_r43,viencz_r43_medium,viencz2023,,viencz2023,viencz2023_tables1_2,lab_uel_benassi,trigonelline,.86,g/100 g,dry roasted coffee,.03,SD,4,TOTAL_ROASTED_CONTENT,DIRECT_ROASTED_MATERIAL_ASSAY,8.6,mg/g dry roasted coffee,0.3,exact_g/100_g,exact factor; source explicit dry basis,SUPPORTED_EXACT,true,UNIQUE,true,HPLC-DAD,Table 1,true,,vg_004,false,dry roasted coffee,true
viencz-tri-R44,viencz_r44,viencz_r44_medium,viencz2023,,viencz2023,viencz2023_tables1_2,lab_uel_benassi,trigonelline,1.00,g/100 g,dry roasted coffee,.02,SD,4,TOTAL_ROASTED_CONTENT,DIRECT_ROASTED_MATERIAL_ASSAY,10.0,mg/g dry roasted coffee,0.2,exact_g/100_g,exact factor; source explicit dry basis,SUPPORTED_EXACT,true,UNIQUE,true,HPLC-DAD,Table 1,true,,vg_004,false,dry roasted coffee,true
viencz-tri-R45,viencz_r45,viencz_r45_medium,viencz2023,,viencz2023,viencz2023_tables1_2,lab_uel_benassi,trigonelline,.99,g/100 g,dry roasted coffee,.02,SD,4,TOTAL_ROASTED_CONTENT,DIRECT_ROASTED_MATERIAL_ASSAY,9.9,mg/g dry roasted coffee,0.2,exact_g/100_g,exact factor; source explicit dry basis,SUPPORTED_EXACT,true,UNIQUE,true,HPLC-DAD,Table 1,true,,vg_004,false,dry roasted coffee,true
viencz-tri-R46,viencz_r46,viencz_r46_medium,viencz2023,,viencz2023,viencz2023_tables1_2,lab_uel_benassi,trigonelline,1.03,g/100 g,dry roasted coffee,.05,SD,4,TOTAL_ROASTED_CONTENT,DIRECT_ROASTED_MATERIAL_ASSAY,10.3,mg/g dry roasted coffee,0.5,exact_g/100_g,exact factor; source explicit dry basis,SUPPORTED_EXACT,true,UNIQUE,true,HPLC-DAD,Table 1,true,,vg_004,false,dry roasted coffee,true
viencz-tri-R47,viencz_r47,viencz_r47_medium,viencz2023,,viencz2023,viencz2023_tables1_2,lab_uel_benassi,trigonelline,1.15,g/100 g,dry roasted coffee,.02,SD,4,TOTAL_ROASTED_CONTENT,DIRECT_ROASTED_MATERIAL_ASSAY,11.5,mg/g dry roasted coffee,0.2,exact_g/100_g,exact factor; source explicit dry basis,SUPPORTED_EXACT,true,UNIQUE,true,HPLC-DAD,Table 1,true,,vg_004,false,dry roasted coffee,true
viencz-tri-R48,viencz_r48,viencz_r48_medium,viencz2023,,viencz2023,viencz2023_tables1_2,lab_uel_benassi,trigonelline,.86,g/100 g,dry roasted coffee,.01,SD,4,TOTAL_ROASTED_CONTENT,DIRECT_ROASTED_MATERIAL_ASSAY,8.6,mg/g dry roasted coffee,0.1,exact_g/100_g,exact factor; source explicit dry basis,SUPPORTED_EXACT,true,UNIQUE,true,HPLC-DAD,Table 1,true,,vg_004,false,dry roasted coffee,true
viencz-tri-R49,viencz_r49,viencz_r49_medium,viencz2023,,viencz2023,viencz2023_tables1_2,lab_uel_benassi,trigonelline,1.03,g/100 g,dry roasted coffee,.02,SD,4,TOTAL_ROASTED_CONTENT,DIRECT_ROASTED_MATERIAL_ASSAY,10.3,mg/g dry roasted coffee,0.2,exact_g/100_g,exact factor; source explicit dry basis,SUPPORTED_EXACT,true,UNIQUE,true,HPLC-DAD,Table 1,true,,vg_004,false,dry roasted coffee,true
viencz-tri-R5,viencz_r5,viencz_r5_medium,viencz2023,,viencz2023,viencz2023_tables1_2,lab_uel_benassi,trigonelline,.99,g/100 g,dry roasted coffee,.00,SD,4,TOTAL_ROASTED_CONTENT,DIRECT_ROASTED_MATERIAL_ASSAY,9.9,mg/g dry roasted coffee,0.0,exact_g/100_g,exact factor; source explicit dry basis,SUPPORTED_EXACT,true,UNIQUE,true,HPLC-DAD,Table 1,true,,vg_004,false,dry roasted coffee,true
viencz-tri-R50,viencz_r50,viencz_r50_medium,viencz2023,,viencz2023,viencz2023_tables1_2,lab_uel_benassi,trigonelline,.84,g/100 g,dry roasted coffee,.00,SD,4,TOTAL_ROASTED_CONTENT,DIRECT_ROASTED_MATERIAL_ASSAY,8.4,mg/g dry roasted coffee,0.0,exact_g/100_g,exact factor; source explicit dry basis,SUPPORTED_EXACT,true,UNIQUE,true,HPLC-DAD,Table 1,true,,vg_004,false,dry roasted coffee,true
viencz-tri-R51,viencz_r51,viencz_r51_medium,viencz2023,,viencz2023,viencz2023_tables1_2,lab_uel_benassi,trigonelline,.80,g/100 g,dry roasted coffee,.05,SD,4,TOTAL_ROASTED_CONTENT,DIRECT_ROASTED_MATERIAL_ASSAY,8.0,mg/g dry roasted coffee,0.5,exact_g/100_g,exact factor; source explicit dry basis,SUPPORTED_EXACT,true,UNIQUE,true,HPLC-DAD,Table 1,true,,vg_004,false,dry roasted coffee,true
viencz-tri-R52,viencz_r52,viencz_r52_medium,viencz2023,,viencz2023,viencz2023_tables1_2,lab_uel_benassi,trigonelline,.79,g/100 g,dry roasted coffee,.05,SD,4,TOTAL_ROASTED_CONTENT,DIRECT_ROASTED_MATERIAL_ASSAY,7.9,mg/g dry roasted coffee,0.5,exact_g/100_g,exact factor; source explicit dry basis,SUPPORTED_EXACT,true,UNIQUE,true,HPLC-DAD,Table 1,true,,vg_004,false,dry roasted coffee,true
viencz-tri-R53,viencz_r53,viencz_r53_medium,viencz2023,,viencz2023,viencz2023_tables1_2,lab_uel_benassi,trigonelline,1.01,g/100 g,dry roasted coffee,.04,SD,4,TOTAL_ROASTED_CONTENT,DIRECT_ROASTED_MATERIAL_ASSAY,10.1,mg/g dry roasted coffee,0.4,exact_g/100_g,exact factor; source explicit dry basis,SUPPORTED_EXACT,true,UNIQUE,true,HPLC-DAD,Table 1,true,,vg_004,false,dry roasted coffee,true
viencz-tri-R54,viencz_r54,viencz_r54_medium,viencz2023,,viencz2023,viencz2023_tables1_2,lab_uel_benassi,trigonelline,.88,g/100 g,dry roasted coffee,.01,SD,4,TOTAL_ROASTED_CONTENT,DIRECT_ROASTED_MATERIAL_ASSAY,8.8,mg/g dry roasted coffee,0.1,exact_g/100_g,exact factor; source explicit dry basis,SUPPORTED_EXACT,true,UNIQUE,true,HPLC-DAD,Table 1,true,,vg_004,false,dry roasted coffee,true
viencz-tri-R55,viencz_r55,viencz_r55_medium,viencz2023,,viencz2023,viencz2023_tables1_2,lab_uel_benassi,trigonelline,.84,g/100 g,dry roasted coffee,.00,SD,4,TOTAL_ROASTED_CONTENT,DIRECT_ROASTED_MATERIAL_ASSAY,8.4,mg/g dry roasted coffee,0.0,exact_g/100_g,exact factor; source explicit dry basis,SUPPORTED_EXACT,true,UNIQUE,true,HPLC-DAD,Table 1,true,,vg_004,false,dry roasted coffee,true
viencz-tri-R56,viencz_r56,viencz_r56_medium,viencz2023,,viencz2023,viencz2023_tables1_2,lab_uel_benassi,trigonelline,.78,g/100 g,dry roasted coffee,.03,SD,4,TOTAL_ROASTED_CONTENT,DIRECT_ROASTED_MATERIAL_ASSAY,7.800000000000001,mg/g dry roasted coffee,0.3,exact_g/100_g,exact factor; source explicit dry basis,SUPPORTED_EXACT,true,UNIQUE,true,HPLC-DAD,Table 1,true,,vg_004,false,dry roasted coffee,true
viencz-tri-R57,viencz_r57,viencz_r57_medium,viencz2023,,viencz2023,viencz2023_tables1_2,lab_uel_benassi,trigonelline,.79,g/100 g,dry roasted coffee,.00,SD,4,TOTAL_ROASTED_CONTENT,DIRECT_ROASTED_MATERIAL_ASSAY,7.9,mg/g dry roasted coffee,0.0,exact_g/100_g,exact factor; source explicit dry basis,SUPPORTED_EXACT,true,UNIQUE,true,HPLC-DAD,Table 1,true,,vg_004,false,dry roasted coffee,true
viencz-tri-R6,viencz_r6,viencz_r6_medium,viencz2023,,viencz2023,viencz2023_tables1_2,lab_uel_benassi,trigonelline,.89,g/100 g,dry roasted coffee,.01,SD,4,TOTAL_ROASTED_CONTENT,DIRECT_ROASTED_MATERIAL_ASSAY,8.9,mg/g dry roasted coffee,0.1,exact_g/100_g,exact factor; source explicit dry basis,SUPPORTED_EXACT,true,UNIQUE,true,HPLC-DAD,Table 1,true,,vg_004,false,dry roasted coffee,true
viencz-tri-R7,viencz_r7,viencz_r7_medium,viencz2023,,viencz2023,viencz2023_tables1_2,lab_uel_benassi,trigonelline,1.11,g/100 g,dry roasted coffee,.03,SD,4,TOTAL_ROASTED_CONTENT,DIRECT_ROASTED_MATERIAL_ASSAY,11.100000000000001,mg/g dry roasted coffee,0.3,exact_g/100_g,exact factor; source explicit dry basis,SUPPORTED_EXACT,true,UNIQUE,true,HPLC-DAD,Table 1,true,,vg_004,false,dry roasted coffee,true
viencz-tri-R8,viencz_r8,viencz_r8_medium,viencz2023,,viencz2023,viencz2023_tables1_2,lab_uel_benassi,trigonelline,.93,g/100 g,dry roasted coffee,.01,SD,4,TOTAL_ROASTED_CONTENT,DIRECT_ROASTED_MATERIAL_ASSAY,9.3,mg/g dry roasted coffee,0.1,exact_g/100_g,exact factor; source explicit dry basis,SUPPORTED_EXACT,true,UNIQUE,true,HPLC-DAD,Table 1,true,,vg_004,false,dry roasted coffee,true
viencz-tri-R9,viencz_r9,viencz_r9_medium,viencz2023,,viencz2023,viencz2023_tables1_2,lab_uel_benassi,trigonelline,.84,g/100 g,dry roasted coffee,.00,SD,4,TOTAL_ROASTED_CONTENT,DIRECT_ROASTED_MATERIAL_ASSAY,8.4,mg/g dry roasted coffee,0.0,exact_g/100_g,exact factor; source explicit dry basis,SUPPORTED_EXACT,true,UNIQUE,true,HPLC-DAD,Table 1,true,,vg_004,false,dry roasted coffee,true
