left,right,reason
acre_c1|acre_c1_medium_light,acre_c10|acre_c10_medium_light,shared data_lineage_id: acre2024_tables1_2
acre_c1|acre_c1_medium_light,acre_c10|acre_c10_medium_light,shared source_publication_id: acre2024
acre_c1|acre_c1_medium_light,acre_c2|acre_c2_medium_light,shared data_lineage_id: acre2024_tables1_2
acre_c1|acre_c1_medium_light,acre_c2|acre_c2_medium_light,shared source_publication_id: acre2024
acre_c1|acre_c1_medium_light,acre_c3|acre_c3_medium_light,shared data_lineage_id: acre2024_tables1_2
acre_c1|acre_c1_medium_light,acre_c3|acre_c3_medium_light,shared source_publication_id: acre2024
acre_c1|acre_c1_medium_light,acre_c4|acre_c4_medium_light,shared data_lineage_id: acre2024_tables1_2
acre_c1|acre_c1_medium_light,acre_c4|acre_c4_medium_light,shared source_publication_id: acre2024
acre_c1|acre_c1_medium_light,acre_c5|acre_c5_medium_light,shared data_lineage_id: acre2024_tables1_2
acre_c1|acre_c1_medium_light,acre_c5|acre_c5_medium_light,shared source_publication_id: acre2024
acre_c1|acre_c1_medium_light,acre_c6|acre_c6_medium_light,shared data_lineage_id: acre2024_tables1_2
acre_c1|acre_c1_medium_light,acre_c6|acre_c6_medium_light,shared source_publication_id: acre2024
acre_c1|acre_c1_medium_light,acre_c7|acre_c7_medium_light,shared data_lineage_id: acre2024_tables1_2
acre_c1|acre_c1_medium_light,acre_c7|acre_c7_medium_light,shared source_publication_id: acre2024
acre_c1|acre_c1_medium_light,acre_c8|acre_c8_medium_light,shared data_lineage_id: acre2024_tables1_2
acre_c1|acre_c1_medium_light,acre_c8|acre_c8_medium_light,shared source_publication_id: acre2024
acre_c1|acre_c1_medium_light,acre_c9|acre_c9_medium_light,shared data_lineage_id: acre2024_tables1_2
acre_c1|acre_c1_medium_light,acre_c9|acre_c9_medium_light,shared source_publication_id: acre2024
acre_c1|acre_c1_medium_light,acre_h10|acre_h10_medium_light,shared data_lineage_id: acre2024_tables1_2
acre_c1|acre_c1_medium_light,acre_h10|acre_h10_medium_light,shared source_publication_id: acre2024
acre_c1|acre_c1_medium_light,acre_h1|acre_h1_medium_light,shared data_lineage_id: acre2024_tables1_2
acre_c1|acre_c1_medium_light,acre_h1|acre_h1_medium_light,shared source_publication_id: acre2024
acre_c1|acre_c1_medium_light,acre_h2|acre_h2_medium_light,shared data_lineage_id: acre2024_tables1_2
acre_c1|acre_c1_medium_light,acre_h2|acre_h2_medium_light,shared source_publication_id: acre2024
acre_c1|acre_c1_medium_light,acre_h3|acre_h3_medium_light,shared data_lineage_id: acre2024_tables1_2
acre_c1|acre_c1_medium_light,acre_h3|acre_h3_medium_light,shared source_publication_id: acre2024
acre_c1|acre_c1_medium_light,acre_h4|acre_h4_medium_light,shared data_lineage_id: acre2024_tables1_2
acre_c1|acre_c1_medium_light,acre_h4|acre_h4_medium_light,shared source_publication_id: acre2024
acre_c1|acre_c1_medium_light,acre_h5|acre_h5_medium_light,shared data_lineage_id: acre2024_tables1_2
acre_c1|acre_c1_medium_light,acre_h5|acre_h5_medium_light,shared source_publication_id: acre2024
acre_c1|acre_c1_medium_light,acre_h6|acre_h6_medium_light,shared data_lineage_id: acre2024_tables1_2
acre_c1|acre_c1_medium_light,acre_h6|acre_h6_medium_light,shared source_publication_id: acre2024
acre_c1|acre_c1_medium_light,acre_h7|acre_h7_medium_light,shared data_lineage_id: acre2024_tables1_2
acre_c1|acre_c1_medium_light,acre_h7|acre_h7_medium_light,shared source_publication_id: acre2024
acre_c1|acre_c1_medium_light,acre_h8|acre_h8_medium_light,shared data_lineage_id: acre2024_tables1_2
acre_c1|acre_c1_medium_light,acre_h8|acre_h8_medium_light,shared source_publication_id: acre2024
acre_c1|acre_c1_medium_light,acre_h9|acre_h9_medium_light,shared data_lineage_id: acre2024_tables1_2
acre_c1|acre_c1_medium_light,acre_h9|acre_h9_medium_light,shared source_publication_id: acre2024
acre_c1|acre_c1_medium_light,acre_r10|acre_r10_medium_light,shared data_lineage_id: acre2024_tables1_2
acre_c1|acre_c1_medium_light,acre_r10|acre_r10_medium_light,shared source_publication_id: acre2024
acre_c1|acre_c1_medium_light,acre_r1|acre_r1_medium_light,shared data_lineage_id: acre2024_tables1_2
acre_c1|acre_c1_medium_light,acre_r1|acre_r1_medium_light,shared source_publication_id: acre2024
acre_c1|acre_c1_medium_light,acre_r2|acre_r2_medium_light,shared data_lineage_id: acre2024_tables1_2
acre_c1|acre_c1_medium_light,acre_r2|acre_r2_medium_light,shared source_publication_id: acre2024
acre_c1|acre_c1_medium_light,acre_r3|acre_r3_medium_light,shared data_lineage_id: acre2024_tables1_2
acre_c1|acre_c1_medium_light,acre_r3|acre_r3_medium_light,shared source_publication_id: acre2024
acre_c1|acre_c1_medium_light,acre_r4|acre_r4_medium_light,shared data_lineage_id: acre2024_tables1_2
acre_c1|acre_c1_medium_light,acre_r4|acre_r4_medium_light,shared source_publication_id: acre2024
acre_c1|acre_c1_medium_light,acre_r5|acre_r5_medium_light,shared data_lineage_id: acre2024_tables1_2
acre_c1|acre_c1_medium_light,acre_r5|acre_r5_medium_light,shared source_publication_id: acre2024
acre_c1|acre_c1_medium_light,acre_r6|acre_r6_medium_light,shared data_lineage_id: acre2024_tables1_2
acre_c1|acre_c1_medium_light,acre_r6|acre_r6_medium_light,shared source_publication_id: acre2024
acre_c1|acre_c1_medium_light,acre_r7|acre_r7_medium_light,shared data_lineage_id: acre2024_tables1_2
acre_c1|acre_c1_medium_light,acre_r7|acre_r7_medium_light,shared source_publication_id: acre2024
acre_c1|acre_c1_medium_light,acre_r8|acre_r8_medium_light,shared data_lineage_id: acre2024_tables1_2
acre_c1|acre_c1_medium_light,acre_r8|acre_r8_medium_light,shared source_publication_id: acre2024
acre_c1|acre_c1_medium_light,acre_r9|acre_r9_medium_light,shared data_lineage_id: acre2024_tables1_2
acre_c1|acre_c1_medium_light,acre_r9|acre_r9_medium_light,shared source_publication_id: acre2024
dias_r000|dias_r000_light,dias_r000|dias_r000_dark,shared base_coffee_material_id: dias_r000
dias_r000|dias_r000_light,dias_r000|dias_r000_dark,shared data_lineage_id: dias2015_table2
dias_r000|dias_r000_light,dias_r000|dias_r000_dark,shared source_publication_id: dias2015
dias_r000|dias_r000_light,dias_r000|dias_r000_medium,shared base_coffee_material_id: dias_r000
dias_r000|dias_r000_light,dias_r000|dias_r000_medium,shared data_lineage_id: dias2015_table2
dias_r000|dias_r000_light,dias_r000|dias_r000_medium,shared source_publication_id: dias2015
dias_r000|dias_r000_light,dias_r020|dias_r020_dark,shared data_lineage_id: dias2015_table2
dias_r000|dias_r000_light,dias_r020|dias_r020_dark,shared source_publication_id: dias2015
dias_r000|dias_r000_light,dias_r020|dias_r020_light,shared data_lineage_id: dias2015_table2
dias_r000|dias_r000_light,dias_r020|dias_r020_light,shared source_publication_id: dias2015
dias_r000|dias_r000_light,dias_r020|dias_r020_medium,shared data_lineage_id: dias2015_table2
dias_r000|dias_r000_light,dias_r020|dias_r020_medium,shared source_publication_id: dias2015
dias_r000|dias_r000_light,dias_r030|dias_r030_dark,shared data_lineage_id: dias2015_table2
dias_r000|dias_r000_light,dias_r030|dias_r030_dark,shared source_publication_id: dias2015
dias_r000|dias_r000_light,dias_r030|dias_r030_light,shared data_lineage_id: dias2015_table2
dias_r000|dias_r000_light,dias_r030|dias_r030_light,shared source_publication_id: dias2015
dias_r000|dias_r000_light,dias_r030|dias_r030_medium,shared data_lineage_id: dias2015_table2
dias_r000|dias_r000_light,dias_r030|dias_r030_medium,shared source_publication_id: dias2015
dias_r000|dias_r000_light,dias_r050|dias_r050_dark,shared data_lineage_id: dias2015_table2
dias_r000|dias_r000_light,dias_r050|dias_r050_dark,shared source_publication_id: dias2015
dias_r000|dias_r000_light,dias_r050|dias_r050_light,shared data_lineage_id: dias2015_table2
dias_r000|dias_r000_light,dias_r050|dias_r050_light,shared source_publication_id: dias2015
dias_r000|dias_r000_light,dias_r050|dias_r050_medium,shared data_lineage_id: dias2015_table2
dias_r000|dias_r000_light,dias_r050|dias_r050_medium,shared source_publication_id: dias2015
dias_r000|dias_r000_light,dias_r100|dias_r100_dark,shared data_lineage_id: dias2015_table2
dias_r000|dias_r000_light,dias_r100|dias_r100_dark,shared source_publication_id: dias2015
dias_r000|dias_r000_light,dias_r100|dias_r100_light,shared data_lineage_id: dias2015_table2
dias_r000|dias_r000_light,dias_r100|dias_r100_light,shared source_publication_id: dias2015
dias_r000|dias_r000_light,dias_r100|dias_r100_medium,shared data_lineage_id: dias2015_table2
dias_r000|dias_r000_light,dias_r100|dias_r100_medium,shared source_publication_id: dias2015
dias_r020|dias_r020_light,dias_r020|dias_r020_dark,shared base_coffee_material_id: dias_r020
dias_r020|dias_r020_light,dias_r020|dias_r020_medium,shared base_coffee_material_id: dias_r020
dias_r030|dias_r030_light,dias_r030|dias_r030_dark,shared base_coffee_material_id: dias_r030
dias_r030|dias_r030_light,dias_r030|dias_r030_medium,shared base_coffee_material_id: dias_r030
dias_r050|dias_r050_light,dias_r050|dias_r050_dark,shared base_coffee_material_id: dias_r050
dias_r050|dias_r050_light,dias_r050|dias_r050_medium,shared base_coffee_material_id: dias_r050
dias_r100|dias_r100_light,dias_r100|dias_r100_dark,shared base_coffee_material_id: dias_r100
dias_r100|dias_r100_light,dias_r100|dias_r100_medium,shared base_coffee_material_id: dias_r100
pannusch_source_coffee|pannusch_source_roast,schmieder_source_coffee|schmieder_source_roast,shared data_lineage_id: schmieder_pannusch_lineage
viencz_r1|viencz_r1_medium,viencz_brs1216|viencz_brs1216_medium,shared data_lineage_id: viencz2023_tables1_2
viencz_r1|viencz_r1_medium,viencz_brs1216|viencz_brs1216_medium,shared source_publication_id: viencz2023
viencz_r1|viencz_r1_medium,viencz_brs2299|viencz_brs2299_medium,shared data_lineage_id: viencz2023_tables1_2
viencz_r1|viencz_r1_medium,viencz_brs2299|viencz_brs2299_medium,shared source_publication_id: viencz2023
viencz_r1|viencz_r1_medium,viencz_brs2314|viencz_brs2314_medium,shared data_lineage_id: viencz2023_tables1_2
viencz_r1|viencz_r1_medium,viencz_brs2314|viencz_brs2314_medium,shared source_publication_id: viencz2023
viencz_r1|viencz_r1_medium,viencz_brs2336|viencz_brs2336_medium,shared data_lineage_id: viencz2023_tables1_2
viencz_r1|viencz_r1_medium,viencz_brs2336|viencz_brs2336_medium,shared source_publication_id: viencz2023
viencz_r1|viencz_r1_medium,viencz_brs2357|viencz_brs2357_medium,shared data_lineage_id: viencz2023_tables1_2
viencz_r1|viencz_r1_medium,viencz_brs2357|viencz_brs2357_medium,shared source_publication_id: viencz2023
viencz_r1|viencz_r1_medium,viencz_brs3137|viencz_brs3137_medium,shared data_lineage_id: viencz2023_tables1_2
viencz_r1|viencz_r1_medium,viencz_brs3137|viencz_brs3137_medium,shared source_publication_id: viencz2023
viencz_r1|viencz_r1_medium,viencz_brs3193|viencz_brs3193_medium,shared data_lineage_id: viencz2023_tables1_2
viencz_r1|viencz_r1_medium,viencz_brs3193|viencz_brs3193_medium,shared source_publication_id: viencz2023
viencz_r1|viencz_r1_medium,viencz_brs3210|viencz_brs3210_medium,shared data_lineage_id: viencz2023_tables1_2
viencz_r1|viencz_r1_medium,viencz_brs3210|viencz_brs3210_medium,shared source_publication_id: viencz2023
viencz_r1|viencz_r1_medium,viencz_brs3213|viencz_brs3213_medium,shared data_lineage_id: viencz2023_tables1_2
viencz_r1|viencz_r1_medium,viencz_brs3213|viencz_brs3213_medium,shared source_publication_id: viencz2023
viencz_r1|viencz_r1_medium,viencz_brs3220|viencz_brs3220_medium,shared data_lineage_id: viencz2023_tables1_2
viencz_r1|viencz_r1_medium,viencz_brs3220|viencz_brs3220_medium,shared source_publication_id: viencz2023
viencz_r1|viencz_r1_medium,viencz_r10|viencz_r10_medium,shared data_lineage_id: viencz2023_tables1_2
viencz_r1|viencz_r1_medium,viencz_r10|viencz_r10_medium,shared source_publication_id: viencz2023
viencz_r1|viencz_r1_medium,viencz_r11|viencz_r11_medium,shared data_lineage_id: viencz2023_tables1_2
viencz_r1|viencz_r1_medium,viencz_r11|viencz_r11_medium,shared source_publication_id: viencz2023
viencz_r1|viencz_r1_medium,viencz_r12|viencz_r12_medium,shared data_lineage_id: viencz2023_tables1_2
viencz_r1|viencz_r1_medium,viencz_r12|viencz_r12_medium,shared source_publication_id: viencz2023
viencz_r1|viencz_r1_medium,viencz_r13|viencz_r13_medium,shared data_lineage_id: viencz2023_tables1_2
viencz_r1|viencz_r1_medium,viencz_r13|viencz_r13_medium,shared source_publication_id: viencz2023
viencz_r1|viencz_r1_medium,viencz_r14|viencz_r14_medium,shared data_lineage_id: viencz2023_tables1_2
viencz_r1|viencz_r1_medium,viencz_r14|viencz_r14_medium,shared source_publication_id: viencz2023
viencz_r1|viencz_r1_medium,viencz_r15|viencz_r15_medium,shared data_lineage_id: viencz2023_tables1_2
viencz_r1|viencz_r1_medium,viencz_r15|viencz_r15_medium,shared source_publication_id: viencz2023
viencz_r1|viencz_r1_medium,viencz_r16|viencz_r16_medium,shared data_lineage_id: viencz2023_tables1_2
viencz_r1|viencz_r1_medium,viencz_r16|viencz_r16_medium,shared source_publication_id: viencz2023
viencz_r1|viencz_r1_medium,viencz_r17|viencz_r17_medium,shared data_lineage_id: viencz2023_tables1_2
viencz_r1|viencz_r1_medium,viencz_r17|viencz_r17_medium,shared source_publication_id: viencz2023
viencz_r1|viencz_r1_medium,viencz_r18|viencz_r18_medium,shared data_lineage_id: viencz2023_tables1_2
viencz_r1|viencz_r1_medium,viencz_r18|viencz_r18_medium,shared source_publication_id: viencz2023
viencz_r1|viencz_r1_medium,viencz_r19|viencz_r19_medium,shared data_lineage_id: viencz2023_tables1_2
viencz_r1|viencz_r1_medium,viencz_r19|viencz_r19_medium,shared source_publication_id: viencz2023
viencz_r1|viencz_r1_medium,viencz_r20|viencz_r20_medium,shared data_lineage_id: viencz2023_tables1_2
viencz_r1|viencz_r1_medium,viencz_r20|viencz_r20_medium,shared source_publication_id: viencz2023
viencz_r1|viencz_r1_medium,viencz_r21|viencz_r21_medium,shared data_lineage_id: viencz2023_tables1_2
viencz_r1|viencz_r1_medium,viencz_r21|viencz_r21_medium,shared source_publication_id: viencz2023
viencz_r1|viencz_r1_medium,viencz_r22|viencz_r22_medium,shared data_lineage_id: viencz2023_tables1_2
viencz_r1|viencz_r1_medium,viencz_r22|viencz_r22_medium,shared source_publication_id: viencz2023
viencz_r1|viencz_r1_medium,viencz_r23|viencz_r23_medium,shared data_lineage_id: viencz2023_tables1_2
viencz_r1|viencz_r1_medium,viencz_r23|viencz_r23_medium,shared source_publication_id: viencz2023
viencz_r1|viencz_r1_medium,viencz_r24|viencz_r24_medium,shared data_lineage_id: viencz2023_tables1_2
viencz_r1|viencz_r1_medium,viencz_r24|viencz_r24_medium,shared source_publication_id: viencz2023
viencz_r1|viencz_r1_medium,viencz_r25|viencz_r25_medium,shared data_lineage_id: viencz2023_tables1_2
viencz_r1|viencz_r1_medium,viencz_r25|viencz_r25_medium,shared source_publication_id: viencz2023
viencz_r1|viencz_r1_medium,viencz_r26|viencz_r26_medium,shared data_lineage_id: viencz2023_tables1_2
viencz_r1|viencz_r1_medium,viencz_r26|viencz_r26_medium,shared source_publication_id: viencz2023
viencz_r1|viencz_r1_medium,viencz_r27|viencz_r27_medium,shared data_lineage_id: viencz2023_tables1_2
viencz_r1|viencz_r1_medium,viencz_r27|viencz_r27_medium,shared source_publication_id: viencz2023
viencz_r1|viencz_r1_medium,viencz_r28|viencz_r28_medium,shared data_lineage_id: viencz2023_tables1_2
viencz_r1|viencz_r1_medium,viencz_r28|viencz_r28_medium,shared source_publication_id: viencz2023
viencz_r1|viencz_r1_medium,viencz_r29|viencz_r29_medium,shared data_lineage_id: viencz2023_tables1_2
viencz_r1|viencz_r1_medium,viencz_r29|viencz_r29_medium,shared source_publication_id: viencz2023
viencz_r1|viencz_r1_medium,viencz_r2|viencz_r2_medium,shared data_lineage_id: viencz2023_tables1_2
viencz_r1|viencz_r1_medium,viencz_r2|viencz_r2_medium,shared source_publication_id: viencz2023
viencz_r1|viencz_r1_medium,viencz_r30|viencz_r30_medium,shared data_lineage_id: viencz2023_tables1_2
viencz_r1|viencz_r1_medium,viencz_r30|viencz_r30_medium,shared source_publication_id: viencz2023
viencz_r1|viencz_r1_medium,viencz_r31|viencz_r31_medium,shared data_lineage_id: viencz2023_tables1_2
viencz_r1|viencz_r1_medium,viencz_r31|viencz_r31_medium,shared source_publication_id: viencz2023
viencz_r1|viencz_r1_medium,viencz_r32|viencz_r32_medium,shared data_lineage_id: viencz2023_tables1_2
viencz_r1|viencz_r1_medium,viencz_r32|viencz_r32_medium,shared source_publication_id: viencz2023
viencz_r1|viencz_r1_medium,viencz_r33|viencz_r33_medium,shared data_lineage_id: viencz2023_tables1_2
viencz_r1|viencz_r1_medium,viencz_r33|viencz_r33_medium,shared source_publication_id: viencz2023
viencz_r1|viencz_r1_medium,viencz_r34|viencz_r34_medium,shared data_lineage_id: viencz2023_tables1_2
viencz_r1|viencz_r1_medium,viencz_r34|viencz_r34_medium,shared source_publication_id: viencz2023
viencz_r1|viencz_r1_medium,viencz_r35|viencz_r35_medium,shared data_lineage_id: viencz2023_tables1_2
viencz_r1|viencz_r1_medium,viencz_r35|viencz_r35_medium,shared source_publication_id: viencz2023
viencz_r1|viencz_r1_medium,viencz_r36|viencz_r36_medium,shared data_lineage_id: viencz2023_tables1_2
viencz_r1|viencz_r1_medium,viencz_r36|viencz_r36_medium,shared source_publication_id: viencz2023
viencz_r1|viencz_r1_medium,viencz_r37|viencz_r37_medium,shared data_lineage_id: viencz2023_tables1_2
viencz_r1|viencz_r1_medium,viencz_r37|viencz_r37_medium,shared source_publication_id: viencz2023
viencz_r1|viencz_r1_medium,viencz_r38|viencz_r38_medium,shared data_lineage_id: viencz2023_tables1_2
viencz_r1|viencz_r1_medium,viencz_r38|viencz_r38_medium,shared source_publication_id: viencz2023
viencz_r1|viencz_r1_medium,viencz_r39|viencz_r39_medium,shared data_lineage_id: viencz2023_tables1_2
viencz_r1|viencz_r1_medium,viencz_r39|viencz_r39_medium,shared source_publication_id: viencz2023
viencz_r1|viencz_r1_medium,viencz_r3|viencz_r3_medium,shared data_lineage_id: viencz2023_tables1_2
viencz_r1|viencz_r1_medium,viencz_r3|viencz_r3_medium,shared source_publication_id: viencz2023
viencz_r1|viencz_r1_medium,viencz_r40|viencz_r40_medium,shared data_lineage_id: viencz2023_tables1_2
viencz_r1|viencz_r1_medium,viencz_r40|viencz_r40_medium,shared source_publication_id: viencz2023
viencz_r1|viencz_r1_medium,viencz_r41|viencz_r41_medium,shared data_lineage_id: viencz2023_tables1_2
viencz_r1|viencz_r1_medium,viencz_r41|viencz_r41_medium,shared source_publication_id: viencz2023
viencz_r1|viencz_r1_medium,viencz_r42|viencz_r42_medium,shared data_lineage_id: viencz2023_tables1_2
viencz_r1|viencz_r1_medium,viencz_r42|viencz_r42_medium,shared source_publication_id: viencz2023
viencz_r1|viencz_r1_medium,viencz_r43|viencz_r43_medium,shared data_lineage_id: viencz2023_tables1_2
viencz_r1|viencz_r1_medium,viencz_r43|viencz_r43_medium,shared source_publication_id: viencz2023
viencz_r1|viencz_r1_medium,viencz_r44|viencz_r44_medium,shared data_lineage_id: viencz2023_tables1_2
viencz_r1|viencz_r1_medium,viencz_r44|viencz_r44_medium,shared source_publication_id: viencz2023
viencz_r1|viencz_r1_medium,viencz_r45|viencz_r45_medium,shared data_lineage_id: viencz2023_tables1_2
viencz_r1|viencz_r1_medium,viencz_r45|viencz_r45_medium,shared source_publication_id: viencz2023
viencz_r1|viencz_r1_medium,viencz_r46|viencz_r46_medium,shared data_lineage_id: viencz2023_tables1_2
viencz_r1|viencz_r1_medium,viencz_r46|viencz_r46_medium,shared source_publication_id: viencz2023
viencz_r1|viencz_r1_medium,viencz_r47|viencz_r47_medium,shared data_lineage_id: viencz2023_tables1_2
viencz_r1|viencz_r1_medium,viencz_r47|viencz_r47_medium,shared source_publication_id: viencz2023
viencz_r1|viencz_r1_medium,viencz_r48|viencz_r48_medium,shared data_lineage_id: viencz2023_tables1_2
viencz_r1|viencz_r1_medium,viencz_r48|viencz_r48_medium,shared source_publication_id: viencz2023
viencz_r1|viencz_r1_medium,viencz_r49|viencz_r49_medium,shared data_lineage_id: viencz2023_tables1_2
viencz_r1|viencz_r1_medium,viencz_r49|viencz_r49_medium,shared source_publication_id: viencz2023
viencz_r1|viencz_r1_medium,viencz_r4|viencz_r4_medium,shared data_lineage_id: viencz2023_tables1_2
viencz_r1|viencz_r1_medium,viencz_r4|viencz_r4_medium,shared source_publication_id: viencz2023
viencz_r1|viencz_r1_medium,viencz_r50|viencz_r50_medium,shared data_lineage_id: viencz2023_tables1_2
viencz_r1|viencz_r1_medium,viencz_r50|viencz_r50_medium,shared source_publication_id: viencz2023
viencz_r1|viencz_r1_medium,viencz_r51|viencz_r51_medium,shared data_lineage_id: viencz2023_tables1_2
viencz_r1|viencz_r1_medium,viencz_r51|viencz_r51_medium,shared source_publication_id: viencz2023
viencz_r1|viencz_r1_medium,viencz_r52|viencz_r52_medium,shared data_lineage_id: viencz2023_tables1_2
viencz_r1|viencz_r1_medium,viencz_r52|viencz_r52_medium,shared source_publication_id: viencz2023
viencz_r1|viencz_r1_medium,viencz_r53|viencz_r53_medium,shared data_lineage_id: viencz2023_tables1_2
viencz_r1|viencz_r1_medium,viencz_r53|viencz_r53_medium,shared source_publication_id: viencz2023
viencz_r1|viencz_r1_medium,viencz_r54|viencz_r54_medium,shared data_lineage_id: viencz2023_tables1_2
viencz_r1|viencz_r1_medium,viencz_r54|viencz_r54_medium,shared source_publication_id: viencz2023
viencz_r1|viencz_r1_medium,viencz_r55|viencz_r55_medium,shared data_lineage_id: viencz2023_tables1_2
viencz_r1|viencz_r1_medium,viencz_r55|viencz_r55_medium,shared source_publication_id: viencz2023
viencz_r1|viencz_r1_medium,viencz_r56|viencz_r56_medium,shared data_lineage_id: viencz2023_tables1_2
viencz_r1|viencz_r1_medium,viencz_r56|viencz_r56_medium,shared source_publication_id: viencz2023
viencz_r1|viencz_r1_medium,viencz_r57|viencz_r57_medium,shared data_lineage_id: viencz2023_tables1_2
viencz_r1|viencz_r1_medium,viencz_r57|viencz_r57_medium,shared source_publication_id: viencz2023
viencz_r1|viencz_r1_medium,viencz_r5|viencz_r5_medium,shared data_lineage_id: viencz2023_tables1_2
viencz_r1|viencz_r1_medium,viencz_r5|viencz_r5_medium,shared source_publication_id: viencz2023
viencz_r1|viencz_r1_medium,viencz_r6|viencz_r6_medium,shared data_lineage_id: viencz2023_tables1_2
viencz_r1|viencz_r1_medium,viencz_r6|viencz_r6_medium,shared source_publication_id: viencz2023
viencz_r1|viencz_r1_medium,viencz_r7|viencz_r7_medium,shared data_lineage_id: viencz2023_tables1_2
viencz_r1|viencz_r1_medium,viencz_r7|viencz_r7_medium,shared source_publication_id: viencz2023
viencz_r1|viencz_r1_medium,viencz_r8|viencz_r8_medium,shared data_lineage_id: viencz2023_tables1_2
viencz_r1|viencz_r1_medium,viencz_r8|viencz_r8_medium,shared source_publication_id: viencz2023
viencz_r1|viencz_r1_medium,viencz_r9|viencz_r9_medium,shared data_lineage_id: viencz2023_tables1_2
viencz_r1|viencz_r1_medium,viencz_r9|viencz_r9_medium,shared source_publication_id: viencz2023
