dataset_id,source_card_as_written,source_card_resolved,validation_strength_verbatim,derived_lineage_tags,uncertainty_retained,extraction_method,same_source_consumers,claims_using_it,caveat_verbatim
angeloni2023/bioactives,angeloni2023,angeloni2023,independent (different machine/coffee/basket than pannusch fit or cameron calibration),independent,"%RSD 0.3-19.7 (in card, not per-cell)","transcription (article tables, xlsx drop)",,PV-03,"66 shots (33 A + 33 R); 11 species; on_grid flags 54 calib vs 12 off-grid; 'Average' row dropped | PER-CONDITION analysis (gate_pannusch_angeloni_per_condition) maps angeloni pressure->flow by a REFINED Darcy map q~p/mu(T) (registered water viscosity; single physical anchor, granulometry O; NOT fitted to the concentrations); a crude linear-tau baseline is also available. The refinement closes ~5 pp of the gap (31->26% overall; caffeine to ~15% with inventory-matching). The residual >> angeloni's ~9-13% is cross-coffee INVENTORY + per-species KINETIC mismatch, not flow -- closable only by refitting to the angeloni coffee. Treat per-condition MAPE as regime-level, not accuracy-grade."
angeloni2023/inventories,angeloni2023,angeloni2023,independent (measured R&G assay; different machine/coffee/basket),independent | mixed_strength | raw_measurement,n,transcription (article tables; no repository),,PV-03,"8 species x 2 varieties; the 66-shot chemistry (Tables 2-5) is a PENDING drop -- not in card, MDPI unreachable"
angeloni2023/lipids,angeloni2023,angeloni2023,independent (different machine/coffee/basket than pannusch fit or cameron calibration),independent,y (%RSD per shot),"transcription (article tables, xlsx drop)",,,66 shots
angeloni2023/total_solids,angeloni2023,angeloni2023,independent (different machine/coffee/basket than pannusch fit or cameron calibration),independent,y (%RSD per shot),"transcription (article tables, xlsx drop)",,PV-03,"66 shots; TS g/100mL ~ TDS %; cameron reads ~2-4 pts LOW (bracket miss, informative) | PER-CONDITION analysis (gate_pannusch_angeloni_per_condition) maps angeloni pressure->flow by a REFINED Darcy map q~p/mu(T) (registered water viscosity; single physical anchor, granulometry O; NOT fitted to the concentrations); a crude linear-tau baseline is also available. The refinement closes ~5 pp of the gap (31->26% overall; caffeine to ~15% with inventory-matching). The residual >> angeloni's ~9-13% is cross-coffee INVENTORY + per-species KINETIC mismatch, not flow -- closable only by refitting to the angeloni coffee. Treat per-condition MAPE as regime-level, not accuracy-grade."
angeloni2023/total_solids_lipids_rsd,angeloni2023,angeloni2023,independent (measured condition-level RSD); NOT solute-specific for named analytes,independent | mixed_strength | raw_measurement,y,transcription (programmatic parse + independent check; TB-2 handoff 2026-07-13),,,"66 conditions x (TS+lipid)=132 mean/RSD pairs; 'almost in duplicate' n_reported=2 qualified; A21 lipid RSD printed 0.0% = rounded (apply variance floor, not infinite weight); caffeine/trigonelline/CGA solute-specific RSD NOT recovered (Tables 4-5 give only global ranges 0.3-19.7%); raw replicates still owed. See angeloni2023/MANIFEST_UNCERTAINTY.md + docs/data_intake/ANGELONI_TRANSCRIPTION_AUDIT.md."
bruno2026/roasted_composition,bruno2026,bruno2026,independent (measured roasted chemistry; reference set),independent | mixed_strength | raw_measurement | reference_only,y (SD; n=3),transcription (open PDF),,,"Roasting is UPSTREAM of every registry stage -> DATA-ONLY (the Bruno ODE model is NOT implemented, per card: over-parameterised non-identifiable fit). mg/kg roasted powder (non-lipid); lipids % w/w dry basis. Bean-averaged; no solubility/diffusivity/partitioning (bruno card) -> use as an inventory PRIOR only, never Bruno-ODE -> extraction. Medium Arabica (Mexico/Rwanda) + hard-roast Robusta (Nicaragua/Indonesia)."
cameron2020/fig5_grind_deviation,cameron2020,cameron2020,independent (measured EY deviation from the homogeneous model),independent | mixed_strength | raw_measurement,n,"transcription (values stated in the streamtube module docstring, from Cameron Fig 5)",cameron2020.extraction_bdf,,3 in-campaign grinds GS 1.1/1.3/1.5 (rel deviation 0.131/0.061/0.026); LOO over only 3 points
cameron2020/psd_figure2,cameron2020,cameron2020,"reference (measured PSD; the model itself uses a two-size-class idealisation, NOT this distribution)",mixed_strength | raw_measurement | reference_only,n,"figure digitization (volume% vs diameter, 4 grind settings)",cameron2020.extraction_bdf,,"Gs 1.0/1.5/2.0/2.5, ~1-1900 um; enables maille's phi closure to be applied to Cameron's grind (an extrapolation above maille's own coarse-grind range)"
de1_fixtureA,(registry [RS]),,independent (parameter-free triangle),independent,n,repository fixture (pre-manifest),,,S5.9 pressure-node: DE1 'pressure' trace node identity OPEN (basket gauge vs line); fitted kappa=1.196
egidi2024/table2,egidi2024,egidi2024,independent EY/TDS bracket (NOT a p/T response test),independent,y (TDS sigma),digitization (Tim),,,"p,T absorbed into q,tau (egidi); EY 19-23%; cameron reads ~15% (below bracket, documented); rho/phi_s undefined in Eq4 (§5.8)"
ellero2019/fig2_inverse_discharge,ellero2019,ellero2019,qualitative (figure-digitized SPH SIMULATION; the Ref.[8] markers are an experimental overlay),digitized | qualitative,n (est ~+/-0.05 Re; early ref8 markers ~+/-0.3),digitization (pixel extraction from screenshots; axis fit <1px),,,"SPH model OUTPUT in dimensionless sim units with NOMINAL parameters -> characterizes the MODEL, not coffee (card VERDICT: skip). theta=0.0058 is FIT to the flow data (circular at that theta). Pump-off windows (t/tnu ~37.6-52.6, 75.2-90.2) read as Re~0. Only the fig2 Ref.[8] markers are experimental (secondary ref, overlaid). Does NOT close G2 -- the raw ASIC 1993/1997 transient-discharge series (refs [13]/[18]) is still owed."
ellero2019/fig3_direct_discharge,ellero2019,ellero2019,qualitative (figure-digitized SPH SIMULATION),digitized | qualitative,n (est ~+/-0.05 Re; ~+/-0.0003 content),digitization (pixel extraction),,,"Exploratory parameter sweep, NO experimental comparison (card). Simulation units, nominal params -> model characterization, not coffee. Blue curve near-legend gap bridged by column median (notes)."
ellero2019/fig4_caffeine_content,ellero2019,ellero2019,qualitative (figure-digitized SPH SIMULATION),digitized | qualitative,n (est ~+/-0.0003-0.0008 content),digitization (pixel extraction),,,"Exploratory sweep, NO experimental comparison. Simulation units, nominal params. Supports the mechanism claim qualitatively (content rises with Dr, weakly with Db); not a coffee measurement."
fasano2000_partI/fig8_1_experimental,fasano2000_partI,fasano2000_partI,"qualitative (experimental, schematic redraw)",qualitative,n,"digitisation (raster, schematic)",fasano2000_partI.fines_migration,,low fidelity; 3/5/7 bar; transient peak then decay to a pressure-nonmonotone asymptote
fasano2000_partI/fig8_4_reversal,fasano2000_partI,fasano2000_partI,qualitative (fines counter-migration reversal test),qualitative,n,digitisation (raster),fasano2000_partI.fines_migration,,3 segments: direct decay / off-on resume at low plateau / inverted replays full peak
fasano2000_partI/fig8_6_model_q_inf,fasano2000_partI,fasano2000_partI,"verification of DIGITIZED model output (Suski sim); NOT reproducible -- closures K,M,gamma unpublished",digitized | verification,n,digitisation (raster),fasano2000_partI.fines_migration,,"nonmonotone q_inf(p0) for beta1,beta2; peak tracks the Fig 8.7 beta knee (Cor 8.2)"
fasano2000_partI/fig8_7_thresholds,fasano2000_partI,fasano2000_partI,input (beta(q) detachment thresholds),unclassified,n,digitisation (raster),fasano2000_partI.fines_migration,,"monotone-decreasing with a steep drop; beta1 knee ~q=0.33, beta2 knee ~q=0.23"
foster2025_2/fig12_14_curves,foster2025_2,foster2025_2,"post-fit, same-campaign CT observations / verification of fitted trajectories",mixed_strength | post_fit | verification,y (data err),digitization (Tim),foster2025.infiltration | foster2025.machine_mode,,s_fit/H_fit = paper ODE (0.02s grid); s_data/H_data = pixel-digitized CT (5-line mean); Fig8 -H differs from Fig14 H (do not mix)
foster2025_2/fig15_flow,foster2025_2,foster2025_2,verification (model curve),verification,n,digitization/model-repro (Tim),foster2025.infiltration | foster2025.machine_mode,,"Q_norm = bed flow min(Qp,f)/Qm (Eq18); flow-min 0.181 @ t=2.0s; reproduced by solving Eqs 32-38, not pixel-traced"
foster2025_2/params,foster2025_2,foster2025_2,verification (post-fit params),mixed_strength | post_fit | verification,n,transcription (from card),foster2025.infiltration | foster2025.machine_mode,,fine grind fit; t_shift=0.796 start-align; reported t_p/t_s = model + t_shift; Fig 15 flow-min pending 0.11
g10_liquor_rheology/khomyakov_kinematic_viscosity,khomyakov2020,khomyakov2020,reference/qualitative (espresso is BELOW the 15 wt% measured floor),mixed_strength | qualitative | raw_measurement | reference_only,n (authors call regressions approximate),transcription (open PDF),,,"MEASURED kinematic viscosity 15-70 wt% x 20-80 C; nu monotone down in T, up in solids (smoke-tested). DOMAIN GUARD: >=15 wt%, ABOVE espresso TDS (4-12 wt%) -> espresso is an EXTRAPOLATION; do not extrapolate below 15 wt% silently. Industrial soluble-coffee extract, not fraction-resolved espresso. Printed density (+0.8*T sign conflict) and dynamic-viscosity power-law (literal eval 5.8-1194x off Table 1) equations QUARANTINED in-dir (_FLAGGED/_QUARANTINED.csv), NOT loaded. See docs/cards/khomyakov2020.md."
g10_liquor_rheology/telis_romero_envelope,g10_liquor_rheology,g10_liquor_rheology,reference/qualitative (espresso-TDS extrapolated),mixed_strength | qualitative | reference_only,n,transcription (abstracts/snippets + open 2013 xref; primary tables paywalled),,,"Sources measured INSTANT-COFFEE processing conc (dilute end 90% water); espresso TDS 4-12% solids is BELOW their range -> mu_espresso is EXTRAPOLATION toward pure water (~1.3-2x). Espresso IS Newtonian (validates single-mu assumption; power-law only >36% solids). Quantitative per-cell mu(T,c) needs Tim drop of Telis-Romero tables. No espresso-TDS measurement on file (new open sub-search)."
g10_liquor_rheology/telisromero2000_thermal,telisromero2000,telisromero2000,source_curve_reproduction for the extract properties (espresso application is extrapolation/compatibility-strength),unclassified,y (authors' r^2 0.981/0.993/0.986/0.944; internal alpha inconsistency -11.35% +/-3.87%),transcription (closure coefficients + figure-read/water-limit anchors from card; data published figure-only),,,"COMPANION to telisromero2001 (same batch family) -> mu/rho/cp/k/alpha(T,X_w) liquor set. X_w is a FRACTION here vs PERCENT in 2001 (normalization hazard -> loaders guard). Eq (6) alpha T-coeff has a ~100x EXPONENT TYPO (printed 0.0212e-10; corrected 0.0212e-8 = 2.12e-10 reproduces Fig 5); corrected value loaded, printed noted. Direct alpha convection-biased +~11% vs k/(rho*cp) -> pick ONE path. Espresso TDS at UPPER edge of conc range + brew T 88-96C ABOVE 82C -> extrapolation. Water-referenced Eqs (2)/(5)/(7) NOT loaded (need external water-property tables). Bulk rho ~1003 (<=1% over water); first-drip rho ~1196 (20% mass<->volume effect). DATA-ONLY companion (no separate component; gated under sourcing2026.g10_liquor_rheology)."
g10_liquor_rheology/telisromero2001_closures,telisromero2001,telisromero2001,source_curve_reproduction for the extract rheology (espresso application is extrapolation/compatibility-strength),unclassified,y (authors' fit errors: eta mean 2.34%/max 10.17%; n 0.14%; K mean 6.77%/max 18.50%),transcription (closure coefficients + 2 measured anchors from card; primary tables paywalled/figure-and-table-only),,,"Industrial SOLUBLE-COFFEE extract (51 Brix, one batch), NOT espresso liquor -> unquantified composition bias (no oils/fines/CO2). Newtonian domain X_w 76-90%; power-law only >36% solids. Espresso TDS 4-12% solids sits at/below the source's dilute end -> mu EXTRAPOLATED toward water. Bulk shot-TDS mu ~=1.06x water (negligible); ~1.3-2x belongs to concentrated early in-pore liquor. Table1(24)/Table2(54) per-cell values NOT yet digitized (figure/table-only). Companion rho/thermal in telisromero2000 (card-only)."
g10_liquor_rheology/telisromero2001_tables,telisromero2001,telisromero2001,source_curve_reproduction (measured Table 1/2; espresso extrapolated),raw_measurement,"y (per-cell measured; authors' fit errors eta 2.34/10.17, K 6.77/18.50 mean/max %)","digitization (Tim's drop, 2026-07-15; 2-3 sig figs off the paywalled tables)",,,"CLOSES the OWED per-cell digitization. Cross-validates the transcribed closures (independent path) against the measured grid -> agreement at the authors' own fit quality confirms both. Table 1 spans exactly the espresso in-pore X_w range (76-90%); used directly (bilinear, data.telisromero_eta_measured) by analysis.g10_viscosity_sensitivity. Composition caveat (soluble-coffee extract != espresso liquor) + dilute-end extrapolation (espresso is >90% X_w, above the box top) stand."
g1_glassbead_analog/retention_kr,g1_glassbead_analog,g1_glassbead_analog,reference/qualitative,mixed_strength | qualitative | reference_only,n,transcription (open PDF fetch),,,"ANALOG (spherical glass beads, NOT coffee): transfers K_r(S) shape + S_r=0.07 + linearized-VG slope, NOT magnitude. Coffee retention search target (g1_retention_search_target.md) STAYS OPEN. Do NOT upgrade without a coffee measurement + §7.1 entry. Valid 0.2<S<0.8 only."
g3_pump_characteristic/ulka_envelope,g3_pump_characteristic,g3_pump_characteristic,reference (endpoints) / qualitative (shape),mixed_strength | qualitative | reference_only,n (catalogue +/-15%),transcription (public web),,,"Manufacturer ENDPOINTS only measured (Q_free~10.8 mL/s, P_deadhead 15 bar, +/-15%); interior curve is CONCAVE DROOP not quadratic. True DE1 Q(P) is CLOSED ESP32 firmware (country-calibrated, unpublished). Does NOT replace waszkiewicz2025/brewer_quadratic (operative measured quad). Independent DE1 curve = TB bench pull or Decent request. 120V/60Hz only."
gagne2021/grinder_arm_summary,gagne2021,gagne2021,"qualitative (blog; measured within-session contrasts are independent, mechanistic chain is endpoint-anchored/circular)",independent | mixed_strength | qualitative | raw_measurement,partial (SD on measured EY/retention; figure-read quantities have none),card transcription (measured means +/- errors; figure-read quantities flagged read_method=figure),,,11 .shot P/flow/T traces NOT held (external acquisition target data/gagne2021_shots/; verify links); resistance is DE1-firmware instrument-defined; ~20% end-of-shot flow-sensor drift; no PSD; single coffee/machine/profile
gagne2021/resistance_decline_summary,gagne2021,gagne2021,"reference (machine-logged hydraulics; mechanistic use is a bounded degeneracy, not validation)",reference_only,n (single traces per shot),"computed from the raw .shot traces (puckworks.analysis.gagne2021_resistance); the derived summary ships, raw .shot stays git-tracked but out of the wheel",,,"apparent resistance from the DE1 flow estimate (drifts ~20% near shot end); single coffee/machine/profile; the raw .shot traces are the provenance (gagne2021/shots), redistribution posture unverified"
gagne2021/shots,gagne2021,gagne2021,reference (machine-logged hydraulics); mechanistic use is hypothesis-generating,reference_only,n (single traces; ~20% end-of-shot flow-sensor drift documented),raw .shot files parsed to aligned espresso_* channels (no resampling/conversion),,,DE1 firmware-defined resistance channel; ~20% end-of-shot showerhead-flow drift contaminates R(t); no PSD; single coffee/machine/profile; blog redistribution posture unverified; raw .shot files tracked
gloess2013/de_espresso_endpoint,gloess2013,gloess2013,reference (measured endpoint; single pooled composite),mixed_strength | raw_measurement | reference_only,partial (published +/- on text_table rows only; figure_read rows carry NONE),"card transcription: text/table values + figure reads, flagged per row in an extraction_method column",,,"ONE in-scope condition only (DE Dalla Corte espresso); the paper's 8 other methods are non-espresso and NOT transcribed. Each sample is a composite of FIVE double shots, so the spread is between composites, not between shots. Headline TDS/EY are FIGURE-READS -- the ESM tables were not retrieved. Beverage given as VOLUME (60 ml) with no density, so any volume->mass conversion is an assumption. PSD is mode+FWHM only (400/220 um). Single coffee, single operating point: no parameter dependence is testable."
grudeva2025/exp13_vial_stats,grudeva2025,grudeva2025,post-fit reconstruction,post_fit,y (SD),derived (mean/SD from repo raw),grudeva2025.reduced,,derived per-vial mean/SD over 14 shots; raw not redistributed; solubles = vial weight x TDS
grudeva2025/params,grudeva2025,grudeva2025,reference set,reference_only,n,transcription (from card),grudeva2025.reduced,,kappa row adjudicated 2.2e-15 (decade typo); P_app 9.2e5 (printed 9.2e-6 typo); two configs not merged
hargarten2020/scalar_anchors,hargarten2020,hargarten2020,qualitative (measurement study),qualitative,partial (SD on Δd_rel only; slopes carry p-values),transcription (printed scalars from card),,,"~15% ISOTROPIC swelling, size- and roast-INDEPENDENT (non-significant slopes), erosion-corrected via sieving; temperature-enhanced fines erosion (sign only, mass not quantified). No k(swelling) or porosity(t) relation -- direction only. Ambient pressure only."
hargarten2020/swelling_progress,hargarten2020,hargarten2020,qualitative (measurement study; no predictive model in source),qualitative,partial (population-level; no per-value SD printed),transcription (printed scalars from card),,,"Ambient pressure ONLY -- the ~9 bar espresso regime is explicitly NOT covered (card's key silence). Progress >100% @4min = 20-min-normalization artifact, not overshoot. Two roasts, demineralized water. Pairs with Mo 2021/2022 swelling/erosion models (not implemented) to become runtime-relevant. Figures (PSD dry/wet, single-particle time-courses) OWED as a digitization drop."
khamitova2020/tamping,khamitova2020,khamitova2020,reference (measured HPLC means; the source's 3D solver is superseded by angeloni2023 and not intaken),mixed_strength | raw_measurement | reference_only,y (per-condition RSD %),card/dissertation table transcription (HPLC-VWD lab means + RSD %),,,"tamping-force effect is approximately null (narrow variation) at fixed 1:2 ratio; single rig/coffee; the 3D model params (Tables 5.8-5.10) are NOT transcribed (rig-specific, superseded); precursor of the angeloni2023 lineage"
liang2021/fig3_tds,liang2021,liang2021,post-fit reconstruction (digitized),digitized | post_fit,n,digitization (Tim),liang2021.desorption,,digitized subset ~42 of 99 pts; refit K*E_max=0.2186 vs card 0.215+/-0.002; R_brew>=3 (excl. moist-sludge R=2)
liang2021/fig4_E,liang2021,liang2021,independent (E flat) / kernel check,independent,n,digitization (Tim),liang2021.desorption,,measurement col = equilibrium|oven_drying; equil E ~20.4% (card ~21%); oven under-reads
liang2021/fig5_cupping,liang2021,liang2021,qualitative,qualitative,n,digitization (Tim),liang2021.desorption,,5A/5B panels; caf/decaf/roast levels
maille2024/equilibrium_concentrations,maille2024,maille2024,reference (measured; 5 compounds),mixed_strength | raw_measurement | reference_only,y (SD per cell),table transcription (thesis),maille2024.phi_closure | maille2024.two_regime,,21 materials; C_inf measured not predicted (no solute-inventory model)
maille2024/extraction_curves,maille2024,maille2024,source_curve_reproduction (tabulated phi/lambda reproduce the digitized Omega_A curves to ~model MPE 4-10%),digitized,n (replicate-resolved points),figure digitization (5 compounds x replicates),maille2024.phi_closure | maille2024.two_regime,,"single material Omega_A only; per-figure digitization schemas normalized; batch WMBR, coarse grind"
maille2024/kinetics_caffeine_3cqa,maille2024,maille2024,"post-fit reconstruction (per-material two-parameter curve fits, R2 0.85-0.99; batch WMBR, not espresso)",post_fit,y (95% CI per param),table transcription (thesis),maille2024.phi_closure | maille2024.two_regime,,17 materials; E5: OmegaT/3-CQA lambda_fast CI internally impossible (upper<est) -> UNUSABLE (analysis.maille2024.kinetics_flags)
maille2024/kinetics_organic_acids,maille2024,maille2024,"post-fit reconstruction (curve fits; weaker for quinic, R2 down to 0.47)",post_fit,y (95% CI; some unreported '*'),table transcription (thesis),maille2024.phi_closure | maille2024.two_regime,,16 materials; '*' = unreported; E5: OmegaL/quinic lambda_slow CI internally impossible -> UNUSABLE
maille2024/materials,maille2024,maille2024,reference (material list),reference_only,n,table transcription (thesis),maille2024.phi_closure | maille2024.two_regime,,21 materials; single Colombian origin; two roasts; coarse sieved + full-PSD
maille2024/normalized_curves,maille2024,maille2024,reference (measured normalized curves),mixed_strength | raw_measurement | reference_only,n,table transcription (thesis),maille2024.phi_closure | maille2024.two_regime,,"3 materials x 5 compounds x 7 times; the extraction FIGURES (Figs 4.6-4.10, ~60 events) are a separate digitization OWED"
maille2024/particle_porosity,maille2024,maille2024,reference (measured; unredacted table),mixed_strength | raw_measurement | reference_only,n,"table transcription (thesis, unredacted)",maille2024.phi_closure | maille2024.two_regime,,closed porosity rises with particle size; unredacted
maille2024/phi,maille2024,maille2024,"verification (phi=fines+coarse Eq 6.7; E1 two-layer reproduces it, mean|err| 0.018 vs 0.207 one-layer)",verification,n,table transcription (thesis),maille2024.phi_closure | maille2024.two_regime,,"17 materials; TWO-cell-layer shell adopted (printed one-layer form is wrong, ~doubles phi); per-bin PSD unpublished so D[4,3] approximation used"
maille2024/psd_dispersion,maille2024,maille2024,reference (measured; two methods),mixed_strength | raw_measurement | reference_only,n,table transcription (thesis),maille2024.phi_closure | maille2024.two_regime,,24 materials; documents that GrindState.fines_fraction is dispersion-method-dependent (186um cut here)
maille2024/psd_hybrid,maille2024,maille2024,reference (measured PSD),mixed_strength | raw_measurement | reference_only,n,table transcription (thesis),maille2024.phi_closure | maille2024.two_regime,,21 materials; hybrid = liquid-dispersion fines below 186um + air above (Eq 5.1-5.3)
maille2024/ssa,maille2024,maille2024,reference (measured; unredacted table),mixed_strength | raw_measurement | reference_only,y (SD),"table transcription (thesis, unredacted)",maille2024.phi_closure | maille2024.two_regime,,was redacted in the release the card was written from; supplied here from the unredacted thesis
mckeonaloe2022/basket_open_area_geometry,mckeonaloe2022,mckeonaloe2022,"reference/qualitative (single-specimen hobbyist imaging; open-area direct, diameters figure-read)",digitized | mixed_strength | qualitative | reference_only,"y (std ~30 um; single specimen n=1, no pixel calibration)","transcription (card table; open-area direct, mean diameters read off bar charts)",,,"n=1 basket each; mean diameters read off bar charts (mean_hole_diam_approx=True); hole count / plate thickness not provided; holes taper wider on coffee face (exit face flow-limiting); geometry only, NO dP/resistance -> does NOT close G9"
mo2023/fig8a,mo2023,mo2023,independent (SPH),independent,n,digitization (Tim),,,Darcy->Forchheimer decline 5.2->2.5e-13; Re NOT interchangeable with wadsworth Fo_F (§5.2)
mo2023/forchheimer,mo2023,mo2023,"independent (SPH-derived, seg. circular to eps=0.17)",independent,n,digitization/transcription (Tim),,,K1 UNITS CAVEAT (§5.3): Eq.2 needs [k1]=m but tables give 1e-9 m2; inconsistent ~1e4 vs Fig 8b -> do NOT use k1 quantitatively (author corresp pending)
mo2023_2/fig3a_qdecay,mo2023_2,mo2023_2,"verification (MODEL output, not data): E 4.9->0.24, F 35->4.1 mm/s at s_m=3.6%",verification,n,digitisation (raster),mo2023_2.coupled_bed | mo2023_2.swelling,,fixed-dP swelling regime; the paper's headline claim rests on ZERO data here
mo2023_2/fig6_Ksweep_typeM,mo2023_2,mo2023_2,verification (model output),verification,n,digitisation (raster),mo2023_2.coupled_bed | mo2023_2.swelling,,"CAPTION HAZARD: 'K=0.9 hindrance factor' is the PARTITION coefficient, mislabeled"
mo2023_2/granulometry_table1,mo2023_2,mo2023_2,reference (measured Mastersizer 3000 granulometry),mixed_strength | raw_measurement | reference_only,n,transcription (thesis table),mo2023_2.coupled_bed | mo2023_2.swelling,,bimodal fine/coarse split at 100 um; distinct from the mo2023 arXiv PSD table
mo2023_2/k0_table2,mo2023_2,mo2023_2,"verification (CK k0 = eps^(3+2n) d32^2/(72(1-eps)^2), reproduces from Table 1 exact)",verification,n,transcription (thesis table),mo2023_2.coupled_bed | mo2023_2.swelling,,"t=0 flow closure sanity only, NOT swelling"
mo2023_2/sim_lines_figs7_9,mo2023_2,mo2023_2,verification (model curves overlaid on Figs 6-9 experimental points),verification,n,digitisation (raster),mo2023_2.coupled_bed | mo2023_2.swelling,,K tuned to 0.9; implement-later solver reproduction target
mo2023_2/yield_strength_figs6_9,mo2023_2,mo2023_2,"independent (fixed-flow yield/strength; authors validate M_c<30 g only, overpredict beyond)",independent,y (3-replicate error bars),digitisation (raster),mo2023_2.coupled_bed | mo2023_2.swelling,,powders E/M/F x q 2/3/4 mL/s; monotone in grind (NO fine-grind dip -- fixed-flow defeats clogging)
moroney2015/data,moroney2015,moroney2015,"reference (measured/transcribed; the model is already registered in better forms - moroney2016 surrogate, cameron2020 runtime)",mixed_strength | raw_measurement | reference_only,partial (per-file evidence_strength + digitization cross-validation notes; no per-point error bars),verbatim table transcription (Tables 1-2) + figure digitization (per-file README_manifest evidence_strength MEASURED/ESTIMATED),,,"Philips drip-filter chamber (60 g, 250 mL/min, ~1 L), NOT espresso brew ratio; Fig 8 y-calibration ESTIMATED (raster source); some figure series duplicate others (Fig 9=Fig 1; Fig 11/12 blue=Fig 3); a # provenance header rides on every file"
moroney2016/fig6,moroney2016,moroney2016,qualitative,qualitative,n,digitization (Tim),moroney2016.surrogate,,"leading-order matches plateau + wash-through (c=0.5 at t~3.1); tail needs outer soln (Moroney 2015), not on card"
moroney2016/table1,moroney2016,moroney2016,reference set,reference_only,n,transcription (from card),moroney2016.surrogate,,fine-grind params; alpha*/beta* fitted; constant-dP baked in
moroney2019/table2,moroney2019,moroney2019,post-fit reconstruction (parameters fitted to the same Philips dataset; conical case unvalidated),post_fit,n (point fits; no SD reported),card transcription (printed Table 2; corrected columns derived via cooper2021 Erratum A/B),,,"h_sl_reported carries the paper's ~10^3 CFD-scaling error; use h_sl_corrected (=reported/965.3). Kinetics duplicate cameron2020 at lower fidelity; pre-dissolution IC overshoots saturation early; single Philips drip-brew dataset, not espresso"
pannusch2024 (Mendeley repo),pannusch2024,pannusch2024,deferred (post-fit reconstruction when landed at 1.8a),post_fit,partial,repository drop (Tim),pannusch2024.closures | pannusch2024.solver,,kinetics covered via schmieder2023; Table 2 in .mat as MATLAB table objects (scipy cannot parse) - transcribe at 1.8a; see pannusch2024/PROVENANCE.md
pannusch2024/experimental_kinetics,pannusch2024,pannusch2024,post-fit reconstruction,post_fit,n (run-averaged),derived (run-averaged from repo .mat),pannusch2024.closures | pannusch2024.solver,,15 exp x 6 fractions; TDS %*10=mg/mL; grind not in struct (centre 1.7 used); raw .mat not redistributed
pannusch2024/table2_params,pannusch2024,pannusch2024,post-fit reconstruction,post_fit,n,transcription (from card),pannusch2024.closures | pannusch2024.solver,PV-03,4 solutes + per-grind psi/d_s2; fitted params lack generality (authors); TDS = caffeine-like pseudo-molecule
perticarini2024/bed_height_time,perticarini2024,perticarini2024,reference (nominal bed height + mean time),reference_only,n (means only; no spread published),"transcription (thesis table, read from the PDF text layer)",,,"Mean tamped height L and mean extraction time per granulometry per coffee; VST Competition basket, inner radius 29.25 mm, 20+/-0.1 g dose, 20 kgF tamp"
perticarini2024/ey_tds_cibao,perticarini2024,perticarini2024,"independent (measured TDS/EY, 3 repeats per condition)",independent | mixed_strength | raw_measurement,y (TDS standard deviation over 3 repeat extractions),"transcription (thesis table, read from the PDF text layer)",,,"18 conditions for Cibao Altura: 5 granulometries incl. extra fine and extra coarse, T 90.4/93.4 degC, p 6/9 bar plus 12 bar on the two extreme grinds only. Extends the registry's grind envelope past egidi2024's Modoetia set in BOTH directions. EY is the thesis's own TDS x brew-ratio product, not an independent measurement -- implied beverage/dose ratio spans 1.95-2.07, consistent with the stated 40+/-2 g out of 20+/-0.1 g. Table 4.3 (Modoetia) is NOT transcribed: expected to duplicate egidi2024 Table 2 and unverified"
perticarini2024/granulometry_params,perticarini2024,perticarini2024,"post-fit reconstruction (a_f, a_b are PSD modes; phi_f from volume percentage)",post_fit,n (single values),"transcription (thesis table, read from the PDF text layer)",,,"Fines/boulder representative radii and fines solid fraction for the six simulated I=1 extractions. a_f, a_b are the two MODES of a bimodal PSD split at 100 um, not independently measured radii. Store WITH the factor-2 a_s convention flag the card records"
pocketscience2024/edge_ey_condition_means,pocketscience2024,pocketscience2024,"qualitative (hobbyist, non-peer-reviewed, single DE1, shot-style-vs-grinder confounded)",qualitative,partial (n=4-5 per condition; per-condition SD not transcribed),"card transcription (condition means; raw workbook held locally, gitignored)",,,"shot style confounded with grinder; two-zone radial only (no depth); section EY anchored to shot EY by construction; VST18xbrass cells absent (12 of 16); Gagne MC edge losses differ from raw means; label erratum carried (outer-to-TOTAL, not outer-to-inner); does NOT close G1 or G9"
pocketscience2024/lrr_scalars,pocketscience2024,pocketscience2024,qualitative,qualitative,n=5 mean only (no SD transcribed),card transcription (grinder-level means; raw sheet gitignored),,,"lumped POST-FLUSH retention (~285 g water / 14 g dose), NOT in-shot dead water and NOT a retention curve theta(psi); does NOT satisfy the G1 search target"
ribes2020/radial_ey,ribes2020,ribes2020,"qualitative (slide-grade, unknown n, undocumented zone-EY back-calculation)",qualitative,n (replicate count not provided; possibly n=1),card transcription (zone EYs read from slide bar charts; radii from chart axes),,,outlet-side paper filter changes flow distribution + fines retention + resistance at once (unseparable); zone-EY method undocumented so absolute EYs are not cross-source comparable; single machine/coffee/grind; 12 g in a 15 g basket (under-dosed)
ribes2021/radial_ey,ribes2021,ribes2021,"qualitative (slide-grade, unknown n, undocumented zone-EY back-calculation)",qualitative,n (replicate count not provided; possibly n=1),card transcription (zone EYs read from slide bar charts; radii from chart axes),,,"contact screen ABOVE the puck (inlet-side), 19 g in a 20 g basket; light-polish tamp confound in the no-screen arm; Pullman/no-screen area-weight slack (22.3 vs stated 21); vendor-adjacent (BPLUS under test)"
romancorrochano2015/table2,romancorrochano2015,romancorrochano2015,reference (measured tamped K); the source's K-C equations are poor blind predictors (per-grind n fit) so this is not a K-C validation,mixed_strength | raw_measurement | reference_only,y (SD of triplicate beds; Tukey groups alpha=0.05),card transcription (fully printed Table 2 with SDs and ANOVA letters),,,"K-C equations non-predictive (take the table, skip the models); tamped/consolidated regime; d[3,2] per grind and consolidation constants live in the card, not this CSV"
romancorrochano2017/Db_table3_4,romancorrochano2017,,reference (Stokes-Einstein Db),reference_only,n (vhigh is a range),transcription (thesis table),romancorrochano2017.extraction,,caffeine Db nominal (Poling 2008); galactomannan rh from lit/DLS
romancorrochano2017/deff_table4_9,romancorrochano2017,,independent (measured microstructural Deff),independent | mixed_strength | raw_measurement,y (+/-1 SD; decaf rows none),transcription (thesis table),romancorrochano2017.extraction,,grind PsiG not reported; med-MW is the parameter-free bed choice
romancorrochano2017/fig5_11_mpe,romancorrochano2017,,post-fit reconstruction (digitized MPE),digitized | post_fit,n,"digitisation (raster, ~+/-0.5 pp)",romancorrochano2017.extraction,,y-axis max 80%; min-MPE class per grind matches thesis text within ~0.2pp
romancorrochano2017/fig5_13_mpe,romancorrochano2017,,post-fit reconstruction (digitized MPE),digitized | post_fit,n,"digitisation (raster, ~+/-0.5 pp)",romancorrochano2017.extraction,,multiple-Deff drops MPE ~50% vs best single; two dialysis/diafiltration weightings
romancorrochano2017/fig7_4_espresso,romancorrochano2017,,"independent (parameter-free bed MPE, digitized ~+/-0.5 pp)",digitized | independent,y (Qave/Tave +/-1 SD),digitisation (MPE) + transcription (conditions),romancorrochano2017.extraction,,15 conditions; MPE_med_MW is the non-fitted headline 8.6-14.3%; low/high-MW columns worse (wrong class)
romancorrochano2017/hindrance_table4_8,romancorrochano2017,,independent (measured Hm/tau/eps),independent | mixed_strength | raw_measurement,partial (hg_single rows lack SD),transcription (thesis tables),romancorrochano2017.extraction,,keyed by blend not the PsiB..H grind ladder; Hm~=tau/eps_total consistency holds
romancorrochano2017/mpe_table5_3,romancorrochano2017,,"post-fit reconstruction (Deff fitted, MPE)",post_fit,n,transcription (thesis table),romancorrochano2017.extraction,,keyed by grind; all-grinds-joint vs per-grind single Deff -- NOT the 1-vs-4-Deff comparison (that is Figs 5.11/5.13)
romancorrochano2017/partition_K_table4_10,romancorrochano2017,,"post-fit (Arrhenius lnK=-657/T+1.4, 3 points)",post_fit,n (fit R^2=0.91),transcription (thesis table),romancorrochano2017.extraction,,swelling factor S=1 (none observed)
romancorrochano2017/tamped_kappa,romancorrochano2017,,"independent (measured Darcy permeability, tamped beds)",independent | mixed_strength | raw_measurement,y (+/-1 SD; ANOVA/Tukey sig letters),transcription (thesis table),romancorrochano2017.extraction,,4 grinds x 3 densities; PsiE non-monotone in density (thesis notes kappa noisy at coarsest); NOT a K-C validation (K-C closures are poorer than wadsworth2026.inertial)
romancorrochano2017/y0_extractable,romancorrochano2017,,"independent (distinct nested ceiling quantities, K<1) + qualitative (monotone size-exclusion)",independent | mixed_strength | qualitative,partial (PsiA +/-0.4; derived rows none),"transcription (PsiA exact) + digitisation (Fig 4.19 norm, ~+/-0.5 pp)",romancorrochano2017.extraction,,PsiC/PsiD not measured; non-PsiA absolute = Fig 4.19 norm x 31.7; Flakes ~ finest
schmieder2023/cup_masses,schmieder2023,schmieder2023,independent (of fit) / same apparatus,independent | same_campaign,n (RSD in paper),transcription (programmatic xlsx parse),,PV-04,"per-rep mass + concentration at BR 1/1,1/2,1/3; mean RSD 2.5% (max 8.5%)"
schmieder2023/kinetics_fit_params_avg,schmieder2023,schmieder2023,post-fit reconstruction,post_fit,y (SE),transcription (programmatic XML parse),,,authoritative averaged fits; Exp7 caffeine c0=9.70981 lambda=23.09434 == card
schmieder2023/kinetics_fit_params_reps,schmieder2023,schmieder2023,post-fit reconstruction,post_fit,y (SE),transcription (programmatic xlsx parse),,,15 exp x 3 reps (Exp7 center point x6)
schmieder2023/raw_fractions,schmieder2023,schmieder2023,independent measurement,independent,n,transcription (programmatic xlsx parse),,,"no TDS column (TDS gravimetric); fractions 1,2,3,5,7,10 per card; earliest brew misfits exponential"
schmieder2023/rsm_coefficients,schmieder2023,schmieder2023,qualitative,qualitative,n (adj R2 reported),transcription (programmatic XML parse),,PV-04,adj R2 0.41-0.75 (caffeine worst); authors restrict to qualitative trends; eliminated terms = 0
schulman2011/basket_geometry,schulman2011,schulman2011,"reference (measured geometry; NO dP measured -> resistance is a construction, not measured)",mixed_strength | raw_measurement | reference_only,n,transcription (card table),,,"14 baskets; A_h face-side (tapered holes, unknown bias); hole count derived; plate thickness assumed"
smrke2024/figures,smrke2024,smrke2024,qualitative (figure-digitized; the paper's own regressions are figure-only with no published R^2/RMSE),digitized | qualitative,partial (per-marker overlap-split flags + notes; no published error statistics),figure digitization (axis-tick calibration + colour-masked marker centroids with overlap-split flags); SI Fig S1 from MOESM1,,,no published coefficients/error stats so no reproduction gate is possible; the fines-mechanism claim is an absence-of-effect argument at n=3/condition; sensory is single Q-grader (not double-blind); PTR-MS IDs tentative; marker-overlap uncertainty on some Fig 3 clusters
sobolik2002/rheology,sobolik2002,sobolik2002,reference (measured/fitted extract rheology; espresso application is extrapolation - soluble-coffee extract is not espresso liquor),mixed_strength | raw_measurement | reference_only,y (evidence_strength labels + digitization residuals + Table 2 confidence intervals),"exact transcription (Tables 1-2), equation evaluation (computed lines), and figure digitization (Figs 1,2,3,6; each digitized file carries an evidence_strength column)",,,"soluble-coffee (freeze-dried) extract, NOT espresso liquor; omega = dry-coffee mass fraction; Fig 5 deliberately not scatter-digitized (carried by Table 1); Table 1 endpoint anomaly + thixotropy flags in the dir README; Weisser 1972 data available via Fig 3 only"
vacaguerra2023a/dry_porosity_validation,vacaguerra2023a,vacaguerra2023a,"verification (recomputes the authors' cross-device validation; R^2=0.942, n=50)",verification,n,figure digitization (2022-09-27 preprint; Tim drop 2026-07-25),,,"two independent vessels (60 mm stainless portafilter + 50 mm acrylic square); same lab, single coffee"
vacaguerra2023a/extraction_conditions,vacaguerra2023a,vacaguerra2023a,verification (reproduces the authors' own Darcy K to order of magnitude; 7/9 in the stated band; single dark-roast arabica; steady 10s->end window),verification,y (per-point sd on DeltaP/Q/delta_L),table transcription (2022-09-27 preprint; Tim drop 2026-07-25),,,mu=3.5 mPa s convention inflates K ~3-7x vs G10 -- renormalize before cross-source comparison; the two loosest 17.5 g beds (B/C) sit ~1.3-1.7x above the stated 1.8e-14..3.6e-13 band (pump curve unpublished); Eq-11 permeability is POST-FIT (lambda=7.5 on these same 9 points)
vacaguerra2023a/omega_coefficients,vacaguerra2023a,vacaguerra2023a,verification (sign-convention resolved; -x3*beta),verification,n,table transcription (2022-09-27 preprint),,,same -x3*beta sign correction as phi; material-scoped
vacaguerra2023a/phi_coefficients,vacaguerra2023a,vacaguerra2023a,verification (sign-convention resolved against Fig-9/physical porosity; analysis.vacaguerra2023a.resolve_compression_sign),verification,n,table transcription (2022-09-27 preprint),,,PRINTED k3 is POSITIVE but the +k3*beta form is unphysical (omega ~0.48-0.62); registry adopts -k3*beta -- material-scoped (dark-roast arabica)
vacaguerra2023a/psd,vacaguerra2023a,vacaguerra2023a,reference (measured PSD descriptors; single material),mixed_strength | raw_measurement | reference_only,n,table transcription (2022-09-27 preprint),,,"3 distributions A/B/C; beta is the paper's central variable (widest C packs densest); needs a Rosin-Rammler (alpha,beta)<->GrindState adapter (no home in the contract)"
visualizer/hydraulic_timeseries,visualizer_coffee,visualizer_coffee,"measured (machine-logged) BUT uncontrolled/self-selected; reference-strength population data, NOT a controlled dataset",mixed_strength | raw_measurement | reference_only,n,repository/API pull (harvester),,,"selection bias (public self-selected shots; showcase+diagnostic skew); no PSD, no basket geometry, no independent EY groundtruth; commanded (*_goal) vs achieved differ; node identity of 'pressure' per §5.9. flow_weight is the trustworthier channel (espresso_flow may be volumetric); privacy: user id salted-hashed, free-text dropped on ingest."
visualizer/user_outcomes,visualizer_coffee,visualizer_coffee,"user-entered, uncalibrated across users; unknown refractometer / sampling protocol",unclassified,n,repository/API pull (harvester),,,"sparse, self-reported; sensory sliders not inter-rater calibrated; do NOT use as an extraction-outcome gate (contrast the controlled Schmieder/Angeloni/Egidi sets)."
wadsworth2026/table1_full,wadsworth2026_grindmap / wadsworth2026 (one paper),wadsworth2026_grindmap,independent measurement (reproduction gate),independent,y (k_err; S from moments),transcription (Tim drop),wadsworth2026.grindmap | wadsworth2026.inertial | wadsworth2026.permeability,,"CARD DISCREPANCY: OLS refit <R>~G gives beta=5.805e-5/R0=1.380e-4 (R2=0.994), NOT card's 4.3505e-5/1.016e-4 (~1.33x). Moments self-consistent (S=<R><R2>/<R3>). Operative map uses refit; card beta/R0 flagged for reconciliation. Raw 22-PSD zip still pending (0.6)."
wadsworth2026_table1,wadsworth2026_grindmap / wadsworth2026 (permeability),wadsworth2026_grindmap,independent measurement,independent,y (err_m2 column),transcription (pre-existing file),wadsworth2026.grindmap | wadsworth2026.inertial | wadsworth2026.permeability,,ERRATUM (S5.7): S6 swelling example prints 8.1e17 m^2 = typo for 8.1e-17 m^2. NOTE: grindmap card cites same DOI as the permeability paper - treat as one paper unless card corrected (flagged to user).
waszkiewicz2025/brewer_quadratic,waszkiewicz2025,waszkiewicz2025,independent within-rig,independent | same_campaign,y,repository pull,waszkiewicz2025.poroelastic,,single rig; DP=aQ^2+bQ+c
waszkiewicz2025/constants,waszkiewicz2025,waszkiewicz2025,qualitative (nominal inputs),qualitative,n,repository pull,waszkiewicz2025.poroelastic,PV-05,mu = pure-water @ 90C (G10 concentration-dependence not modeled); h0 and r_basket 'approximate' per source
waszkiewicz2025/equilibrium_windows,waszkiewicz2025,waszkiewicz2025,reference (measured per-shot long-run statistics),mixed_strength | raw_measurement | reference_only,n (per-shot values; spread computed from them),"repository pull (Zenodo source zip) + per-window means; reduction re-implemented from the deposit's documented method (its script is GPLv3, not ingested)",waszkiewicz2025.poroelastic,,"57 shots x 3 windows. The 110-120 s window is NOT usable as published: shot 9-1 has ENDED inside it (falling cup mass -> negative flow derivative -> -106 bar via the brewer subtraction), and alone drags the static refit to P_c ~ 82 bar. Excluding it is an exclusion the SOURCE did not make (9-1 is not in their excluded/ set). The repository's equilibrium observable is the 100 s endpoint, which reproduces the published static fit (P_c 12.394 vs 12.39; Q_c 1.907 vs 1.897)."
waszkiewicz2025/mastersizer_psd,waszkiewicz2025,waszkiewicz2025,independent measurement,independent,n (3 replicates),repository pull,waszkiewicz2025.poroelastic,,"semicolon-delimited, UTF-8 BOM, transposed (bins as columns); bimodal ~50/100-200 um"
waszkiewicz2025/static_calibration,waszkiewicz2025,waszkiewicz2025,independent within-rig,independent | same_campaign,y (std),repository pull,waszkiewicz2025.poroelastic,,"P_c=12.4+/-3.0 bar weakly constrained (edge of measured range, ~25% unc)"
waszkiewicz2025/tds_fractions,waszkiewicz2025,waszkiewicz2025,independent within-rig,independent | same_campaign,y,repository pull,waszkiewicz2025.poroelastic,PV-01,5-s interval fractions; first fraction (2.5 s) single replicate
waszkiewicz2025/tds_solids_calibration,waszkiewicz2025,waszkiewicz2025,post-fit reconstruction,post_fit,y (std),repository pull,waszkiewicz2025.poroelastic,,first_drop_offset 8.0 s; Phi(t) attributes all porosity change to dissolution (CT shows swelling too - untested)
waszkiewicz2025/traces_per_brew,waszkiewicz2025,waszkiewicz2025,"reference (measured per-shot traces; the reduction reproduces the published per-pressure means to 5e-7, within the published file's own 1e-6 write precision)",mixed_strength | raw_measurement | reference_only | verification,"n (these ARE the individual shots; spread is computed from them, not carried)",repository pull (Zenodo source zip) + reduction re-implemented from the deposit's documented method; the deposit's own script is GPLv3 and is NOT ingested,waszkiewicz2025.poroelastic,,"57 records over 11 reference pressures (9 bar has 5) but 56 DISTINCT brews: 12-8-6_alt is an exact duplicate of 12-8-6 (its raw file is a strict prefix of the alt), declared in puckworks.data.WASZ_TRACE_ALIASES and retained here because the source aggregates both; shot-as-unit analyses pass include_aliases=False. 13 bar therefore has 7 records / 6 brews. Filename prefixes are NOT the reference pressure (10-2 is 11 bar, 12-8-2 is 13 bar) -- pressure is the median line pressure per the source's definition. The source's reduction is BAKED IN: t=0 alignment, Savitzky-Golay flow derivative (window 31, polyorder 1, ~3 s) and brewer-calibration basket-pressure subtraction, so these are smoothed and alignment-dependent, not raw instrument output. The source's excluded/ brews are NOT included. Time stored as an index on the exact 0-100 s 1000-point grid. NOTE the published aggregate's *_std columns are standard ERRORS (sem), so shot spread is recoverable only from this file."
waszkiewicz2025/traces_time_dependent,waszkiewicz2025,waszkiewicz2025,independent within-rig (equilibrium) / post-fit (9-bar Q(t) reproduction),independent | mixed_strength | post_fit | same_campaign,y,repository pull,waszkiewicz2025.poroelastic,PV-02 | PV-05,"soft circularity: m_d(t) from TDS x Q on same rig; 11-13 bar dip below monotone model; basket vs line pressure both present (node id per RC-3/S5.9) | S5.9 nodes: basket_pressure__bar = P_basket (basket gauge), pressure__bar = line/pump-side."
