component,relation,scope,gate,outcome
brewer2026.coupled_kappa_t,exploratory_synthesis,Minimum composite porosity (eps_min vs eps0) and the 9-bar Q(t) RMSE vs the measured Waszkiewicz trace (g/s).,gate_kappa_t_composition_diagnostic,supported
brewer2026.coupled_kappa_t,post_fit_reconstruction,"Mass flow Q(t) at 9 bar vs the measured Waszkiewicz trace over the 15-95 s saturated window (RMSE, g/s).",gate_kappa_t_degeneracy,supported
brewer2026.coupled_kappa_t,code_verification,Structural identity of the coupled model's extraction-only Phi(t)/Q(t) closure to the standalone poroelastic component (a code property).,gate_kappa_t_degeneracy,supported
brewer2026.lb_reference,code_verification,Darcy permeability k of a plane-Poiseuille channel in lattice units vs the closed-form analytic value h^2/12.,gate_lb_channel,supported
brewer2026.pack_generator,qualitative_capacity,"Generated solid fraction vs target, grain radius in voxels, and heterogeneity-field mean/std.",gate_pack_generator_admissible,supported
brewer2026.streamtube,within_campaign_held_out,Held-out relative EY deviation (measured yield below the homogeneous-flow model) at the held-out grind.,gate_streamtube_heldout,supported
cameron2020.extraction_bdf,code_verification,"Extraction yield EY (%) via two internal accounting routes plus an inventory upper bound, all computed from the simulation and module constants.",gate_cameron_conservation,supported
cameron2020.extraction_bdf,sign_or_compatibility,"EY(t) morphology (monotonicity, first-half vs second-half rate), fraction of final yield by t=15 s, plateau band, and the sign of the EY-vs-t_shot relation across the grind sweep vs smrke's digitized Fig-3 curve.",gate_smrke2024_fast_extraction_shape,negative
fasano2000_partI.fines_migration,sign_or_compatibility,"Location of the q_inf(p0) peak vs the steepest-slope knee of the beta(q) threshold, plus non-monotonicity of q_inf(p0).",gate_fasano_cor82_nonmonotone,negative
fasano2000_partI.fines_migration,code_verification,"Discharge trace q(t), free-boundary position s(t), global fines mass balance, and q_inf vs injection pressure p0.",gate_fasano_freeboundary,supported
fasano2000_partI.fines_migration,source_curve_reproduction,Peak discharge rate (mL/s) within each of the three experimental segments (direct / off-on resume / inverted).,gate_fasano_reversal_signature,negative
foster2025.infiltration,sign_or_compatibility,"First-liquid / bed-saturation time (s): observed = time cup weight first exceeds 0.5 g; predicted = t_saturate when the modelled front reaches bed depth L, at porosity endpoints 0.173 and 0.322.",gate_infiltration_triangle,supported
foster2025.machine_mode,source_curve_reproduction,"Wetting-front depth s(t) and headspace height H(t) (mm) over the shot, vs the paper's fitted ODE curves and vs digitized CT measurements.",gate_foster_ct_trajectory,negative
foster2025.machine_mode,source_curve_reproduction,"Normalized bed flow Q/Qm = min(Q_p, f(H,s))/Q_m vs experiment time.",gate_foster_fig15_flowmin,negative
foster2025.machine_mode,source_curve_reproduction,"Two scalar times (s): ponding time t_p and saturation time t_s, model-computed vs the authors' reported values.",gate_foster_machine_tp_ts,supported
grudeva2025.reduced,code_verification,"The algebraic form of the capacitance coefficient B, and kappa from Eq 6.14 at nominal card inputs.",gate_grudeva_no_eps_kappa,supported
grudeva2025.reduced,post_fit_reconstruction,"Per-vial solubles mass (g) for vials 3-15, total solubles mass, and existence of the saturated exit plateau.",gate_grudeva_reduced_solver,supported
lee2023.feedback,qualitative_capacity,"Sign of pathway EY divergence, qualitative shape of EY vs grind (peak+decline vs plateau) at two rho_c, and two nondimensional tau_shot values.",gate_lee_feedback_negative_result,negative
liang2021.desorption,source_curve_reproduction,"E_oven (%) and equilibrium E (%) vs brew ratio R_brew (>=3) from Fig 4, plus the inequality K*E_max < cameron_inventory_ceiling.",gate_liang_eoven_ceiling,supported
liang2021.desorption,post_fit_reconstruction,The dimensionless equilibrium desorption product K*E_max from equilibrium TDS vs brew ratio R_brew for full-immersion brewing.,gate_liang_kemax_refit,supported
maille2024.phi_closure,code_verification,"Mean absolute error in theta_v,coarse (dimensionless volume fraction) against the source's published Table 6.3, at one- vs two-cell-layer shell depth, across 17 materials.",gate_maille_e1_shell_depth,supported
maille2024.phi_closure,code_verification,"Count of Eq-6.7 violations, and mean/max absolute difference between theta_v,fines (Table 6.3) and the measured volume fraction below 186 um (Table 5.4), both dimensionless.",gate_maille_phi_closure_consistency,supported
maille2024.phi_closure,sign_or_compatibility,"maille phi computed from cameron's measured binned Fig-2 PSD vs cameron's fitted PHI_S1/(PHI_S1+PHI_S2) fines fraction of solid, per grind setting (both dimensionless), plus their ratio and monotonicity in grind.",gate_maille_phi_split_vs_cameron,supported
maille2024.two_regime,source_curve_reproduction,Per-analyte mean absolute percentage error between the tabulated two-regime model and the digitized Figs 4.6-4.10 normalized concentration curves C_t/C_inf (dimensionless) for material Omega_A.,gate_maille_two_regime_reproduction,supported
maille2024.two_regime,code_verification,"The set of (material, compound, regime) rows whose published 95% CI does not bracket its own point estimate, across all 33 transcribed kinetics rows.",gate_maille_kinetics_ci_flags,supported
maille2024.two_regime,qualitative_capacity,"Fitted lambda_fast/lambda_slow (s) and mixture weight from Eq 6.2 against cameron's model-generated cumulative cup fraction m_cup(t)/m_cup(inf), per EK43 setting, with one- vs two-exponential R2 and the multistart weight span.",gate_maille_timescale_portability_cameron,supported
maille2024.two_regime,qualitative_capacity,"Fitted Eq-6.2 weight, lambda_fast/lambda_slow (s) and their ratio against the stirred-vessel fractional-release curve, per grind, with two- vs one-exponential R2 and band membership.",gate_maille_timescale_portability_roman,supported
mo2023_2.coupled_bed,post_fit_reconstruction,"Yield (%) vs beverage mass M_c (g), type-M, q=2/3/4 mL/s, M_c<30 g; within-bars count, shape spread, mass-balance floor.",gate_mo2_coupled_bed_fig8,supported
mo2023_2.swelling,sign_or_compatibility,"Mean yield (%) over the M_c 18-32 g window, across q (2 vs 4 mL/s) and across powders E/M/F at matched q.",gate_mo2_fixed_flow_trends,negative
mo2023_2.swelling,code_verification,Per-powder relative error between the recomputed CK k0 and the tabulated Table 2 k0 (m^2).,gate_mo2_k0_carman_kozeny,supported
mo2023_2.swelling,source_curve_reproduction,"Fixed-dp flow-decay ratio q(60s)/q(0) (dp/mu/L cancelled) per powder E/H/M/F, plus the scalar s_m.",gate_mo2_swelling_flow_decay,negative
mo2023_2.swelling,code_verification,"End-of-shot yield (fraction of extractable inventory) with swelling on vs off at q=2/3/4 mL/s (fixed-q), contrasted with the fixed-dP Carman-Kozeny flow-decay ratio.",gate_mo2_swelling_insensitivity,supported
moroney2016.surrogate,source_curve_reproduction,"Nondimensional exit concentration c_h vs time: model half-max time vs data t at c=0.5, and early-region RMSE.",gate_moroney_fig6_washthrough,negative
moroney2016.surrogate,source_curve_reproduction,Predicted-vs-measured cylindrical Delta_p (Pa) at the two permeability anchors.,gate_moroney2015_kappa_anchors,negative
moroney2016.surrogate,code_verification,"Solute mass-budget closure, exit-concentration shape/timescales, and corrected-vs-reported intragranular diffusivity relative to free aqueous diffusion.",gate_moroney2019_ldf_verification,supported
moroney2016.surrogate,source_curve_reproduction,Equilibrium batch brew concentration c_h vs the digitized Fig-6 model plateau; the derived phi_h reconstruction; the c_v0 initial-condition cross-check; soluble mass budget.,gate_moroney2015_batch_ode,negative
pannusch2024.closures,code_verification,"Scalar closure outputs at fixed inputs: mu(363K), rho(363K), D per solute, K(Tref)/K80/K98 ratios, and h_sl at two flow rates.",gate_pannusch_closures,supported
pannusch2024.solver,post_fit_reconstruction,Per-solute MAPE (%) between simulated and measured fraction concentrations over 15 experiments x 6 time-fraction windows.,gate_pannusch_solver_mape,supported
romancorrochano2017.extraction,code_verification,"Bed mass-balance residual and yield monotonicity over 40 s, plus ordering of yield and strength at fixed beverage volume for Q=0.8/1.5/3.0e-6 m^3/s.",gate_roman_bed_flow_trend,supported
romancorrochano2017.extraction,source_curve_reproduction,"Mean percentage error (MPE, %) between the thesis's predicted and measured espresso yields per molecular-weight Deff class, digitized from Fig. 7.4 (~+/-0.5 pp).",gate_roman_bed_mpe_parameter_free,supported
romancorrochano2017.extraction,source_curve_reproduction,Deff class ordering (Table 4.9); K(20/50/80C) magnitude/monotonicity vs Table 4.10; t50 ordering by Deff and equilibrium-extent vs K in the stirred-vessel solver.,gate_roman_mw_temperature_trends,negative
romancorrochano2017.extraction,code_verification,Max abs difference between the numerical MOL sphere release (N=120) and the analytic Crank series at t=0.5..40 s.,gate_roman_sphere_solver,supported
romancorrochano2017.extraction,sign_or_compatibility,Band membership of the 12 measured kappa values and the grind-ordering monotonicity across three densities.,gate_roman_tamped_kappa,negative
romancorrochano2017.extraction,sign_or_compatibility,"Ordering of y0 vs the cameron and liang code-constant ceilings, and monotone decrease of the transcribed y0(grind) across six grinds.",gate_roman_y0_ceiling_sizeexclusion,negative
sourcing2026.g10_liquor_rheology,sign_or_compatibility,"Per-cell percent offset (mu_khomyakov - mu_TR2001)/mu_TR2001 over the overlapping concentration/temperature cells, summarized by median/min/max and sign.",gate_g10_intersource_spread,negative
sourcing2026.g10_liquor_rheology,sign_or_compatibility,Early-shot flow factor (mu_water/mu_espresso) and late/equilibrium flow factor under an algebraic Darcy Q~1/mu relation.,gate_g10_mu_bias_directional,negative
sourcing2026.g10_liquor_rheology,sign_or_compatibility,"Reference espresso dynamic-viscosity ratio to pure water at brew temperature, plus Newtonian-band membership.",gate_g10_reference_mu_above_water,negative
sourcing2026.g10_liquor_rheology,source_curve_reproduction,"Density rho, specific heat cp, thermal conductivity k and thermal diffusivity alpha of soluble-coffee extract vs T and water fraction (plus a unit guard).",gate_g10_telisromero2000_thermal,negative
sourcing2026.g10_liquor_rheology,source_curve_reproduction,"Predicted eta at the Table-1 anchor cell and K at the Table-2 anchor cell (relative error vs the source's measured values), plus the bulk-shot mu/water ratio.",gate_g10_telisromero_closure,negative
sourcing2026.g10_liquor_rheology,source_curve_reproduction,Newtonian dynamic viscosity eta (Pa.s) and power-law consistency index K (Pa.s^n) of soluble-coffee extract vs temperature and water fraction.,gate_g10_telisromero_full_table,negative
sourcing2026.g10_liquor_rheology,sign_or_compatibility,Darcy flow-suppression factor (mu_water / mu_local) implied by concentration-dependent liquor viscosity over a simulated shot's in-pore concentration field.,gate_g10_viscosity_bulk_negligible,supported
sourcing2026.g10_liquor_rheology,sign_or_compatibility,"Per-cell percent offset (mu_sobolik - mu_TR2001)/mu_TR2001 and (mu_khomyakov - mu_TR2001)/mu_TR2001 over the overlap, summarized by sign and median.",gate_g10_foursource_spread,negative
sourcing2026.g10_liquor_rheology,source_curve_reproduction,Spot-value comparison of the computed Eq (4)/(5)/(11) lines against the authors' own stated values.,gate_g10_sobolik_closures,negative
sourcing2026.g10_liquor_rheology,sign_or_compatibility,Per-shot post-bloom apparent-resistance decline ratio (peak/end of R=P/Q) vs the telisromero mu(TDS)/mu(water) ratio at bulk and early first-drip TDS.,gate_gagne2021_viscosity_discrimination,negative
sourcing2026.g10_liquor_rheology,source_curve_reproduction,"Refractive index n_D^20(w), mixture density rho(w,T), and thermal conductivity lambda(w,T) vs the sobolik2002 computed physical-properties columns; the w=0 water-limit identity; the sign of drho/dT; the pure-water base of Eq-3.",gate_g10_sobolik_density,negative
sourcing2026.g1_glassbead_analog,sign_or_compatibility,Parameter bounds and monotonicity of the cubic K_r(S)=((S-S_r)/(1-S_r))^3 curve.,gate_g1_glassbead_closure_sane,negative
sourcing2026.g3_pump_characteristic,sign_or_compatibility,"Pump/basket pressure drop dP (bar) vs flow Q over the working range, bounded against manufacturer free-flow debit and deadhead endpoints.",gate_g3_pump_envelope_bounds_quadratic,negative
wadsworth2026.grindmap,source_curve_reproduction,Polydispersivity S (moment ratio) vs grinder dial setting G.,gate_grindmap_polydispersity,negative
wadsworth2026.grindmap,post_fit_reconstruction,Mean grain radius <R> vs dial G (linear grind map).,gate_grindmap_refit,negative
wadsworth2026.inertial,code_verification,Darcy-limit recovery of the Forchheimer momentum-equation root solver (code property).,gate_inertial_darcy_recovery,supported
wadsworth2026.inertial,sign_or_compatibility,Peak Forchheimer number Fo_F = rho*k*q/(mu*k_I) evaluated along the recorded trace.,gate_inertial_de1_audit,supported
wadsworth2026.inertial,source_curve_reproduction,Forchheimer number Fo_F band for the paper's worked espresso estimate.,gate_inertial_fo_band,negative
wadsworth2026.inertial,source_curve_reproduction,Pore-scale Reynolds-number band and apparent-k decline derived from mo2023 Fig 8a.,gate_mo_reynolds_overlay,negative
wadsworth2026.permeability,source_curve_reproduction,"Dimensionless collapse ratio k_measured / (k_star(phi_p,s_p)*phi_p^4.4) across the Table 1 grind rows, aggregated as a geometric mean.",gate_wadsworth_collapse,supported
waszkiewicz2025.poroelastic,post_fit_reconstruction,"Mass flow Q(t) at 9 bar vs time (long-run mean g/s and Pearson correlation, t>=15 s).",gate_waszkiewicz_dynamic_9bar,supported
waszkiewicz2025.poroelastic,post_fit_reconstruction,"Steady-state basket-pressure vs mass-flow curve; recovered calibration parameters P_c, Q_c.",gate_waszkiewicz_static_refit,supported
